Entity,Code,Year,Tobacco smoking
Afghanistan,AFG,1990,6797
Afghanistan,AFG,1995,10589
Afghanistan,AFG,2000,12987
Afghanistan,AFG,2005,15870
Afghanistan,AFG,2006,16337
Afghanistan,AFG,2010,17677
Afghanistan,AFG,2016,20952
Albania,ALB,1990,2291
Albania,ALB,1995,2477
Albania,ALB,2000,2925
Albania,ALB,2005,3310
Albania,ALB,2006,3317
Albania,ALB,2010,3385
Albania,ALB,2016,3638
Algeria,DZA,1990,8612
Algeria,DZA,1995,9103
Algeria,DZA,2000,9238
Algeria,DZA,2005,9431
Algeria,DZA,2006,9354
Algeria,DZA,2010,9481
Algeria,DZA,2016,10076
American Samoa,ASM,1990,35
American Samoa,ASM,1995,37
American Samoa,ASM,2000,37
American Samoa,ASM,2005,40
American Samoa,ASM,2006,40
American Samoa,ASM,2010,41
American Samoa,ASM,2016,48
Andorra,AND,1990,56
Andorra,AND,1995,64
Andorra,AND,2000,60
Andorra,AND,2005,72
Andorra,AND,2006,75
Andorra,AND,2010,84
Andorra,AND,2016,96
Angola,AGO,1990,3090
Angola,AGO,1995,3460
Angola,AGO,2000,3506
Angola,AGO,2005,3786
Angola,AGO,2006,3871
Angola,AGO,2010,4264
Angola,AGO,2016,5210
Antigua and Barbuda,ATG,1990,12
Antigua and Barbuda,ATG,1995,11
Antigua and Barbuda,ATG,2000,11
Antigua and Barbuda,ATG,2005,10
Antigua and Barbuda,ATG,2006,10
Antigua and Barbuda,ATG,2010,10
Antigua and Barbuda,ATG,2016,11
Argentina,ARG,1990,39378
Argentina,ARG,1995,39853
Argentina,ARG,2000,41873
Argentina,ARG,2005,42350
Argentina,ARG,2006,42397
Argentina,ARG,2010,43059
Argentina,ARG,2016,43691
Armenia,ARM,1990,4010
Armenia,ARM,1995,4859
Armenia,ARM,2000,4562
Armenia,ARM,2005,4933
Armenia,ARM,2006,5099
Armenia,ARM,2010,4905
Armenia,ARM,2016,4346
Australia,AUS,1990,20673
Australia,AUS,1995,20013
Australia,AUS,2000,18892
Australia,AUS,2005,18133
Australia,AUS,2006,18316
Australia,AUS,2010,19262
Australia,AUS,2016,21267
Austria,AUT,1990,11173
Austria,AUT,1995,10647
Austria,AUT,2000,10159
Austria,AUT,2005,9469
Austria,AUT,2006,9366
Austria,AUT,2010,9316
Austria,AUT,2016,9688
Azerbaijan,AZE,1990,5970
Azerbaijan,AZE,1995,6936
Azerbaijan,AZE,2000,6916
Azerbaijan,AZE,2005,7631
Azerbaijan,AZE,2006,7830
Azerbaijan,AZE,2010,8693
Azerbaijan,AZE,2016,9430
Bahamas,BHS,1990,98
Bahamas,BHS,1995,109
Bahamas,BHS,2000,110
Bahamas,BHS,2005,122
Bahamas,BHS,2006,119
Bahamas,BHS,2010,131
Bahamas,BHS,2016,156
Bahrain,BHR,1990,281
Bahrain,BHR,1995,288
Bahrain,BHR,2000,266
Bahrain,BHR,2005,256
Bahrain,BHR,2006,258
Bahrain,BHR,2010,256
Bahrain,BHR,2016,287
Bangladesh,BGD,1990,82656
Bangladesh,BGD,1995,86814
Bangladesh,BGD,2000,90649
Bangladesh,BGD,2005,89936
Bangladesh,BGD,2006,93758
Bangladesh,BGD,2010,108532
Bangladesh,BGD,2016,145617
Barbados,BRB,1990,72
Barbados,BRB,1995,77
Barbados,BRB,2000,68
Barbados,BRB,2005,64
Barbados,BRB,2006,65
Barbados,BRB,2010,63
Barbados,BRB,2016,73
Belarus,BLR,1990,17671
Belarus,BLR,1995,23056
Belarus,BLR,2000,23155
Belarus,BLR,2005,22740
Belarus,BLR,2006,21690
Belarus,BLR,2010,19855
Belarus,BLR,2016,15892
Belgium,BEL,1990,20230
Belgium,BEL,1995,20397
Belgium,BEL,2000,19356
Belgium,BEL,2005,18221
Belgium,BEL,2006,17925
Belgium,BEL,2010,18211
Belgium,BEL,2016,18111
Belize,BLZ,1990,46
Belize,BLZ,1995,71
Belize,BLZ,2000,90
Belize,BLZ,2005,88
Belize,BLZ,2006,89
Belize,BLZ,2010,99
Belize,BLZ,2016,122
Benin,BEN,1990,1092
Benin,BEN,1995,1267
Benin,BEN,2000,1471
Benin,BEN,2005,1708
Benin,BEN,2006,1766
Benin,BEN,2010,2086
Benin,BEN,2016,2431
Bermuda,BMU,1990,66
Bermuda,BMU,1995,67
Bermuda,BMU,2000,70
Bermuda,BMU,2005,56
Bermuda,BMU,2006,56
Bermuda,BMU,2010,51
Bermuda,BMU,2016,48
Bhutan,BTN,1990,121
Bhutan,BTN,1995,103
Bhutan,BTN,2000,93
Bhutan,BTN,2005,103
Bhutan,BTN,2006,103
Bhutan,BTN,2010,113
Bhutan,BTN,2016,142
Bolivia,BOL,1990,3038
Bolivia,BOL,1995,3007
Bolivia,BOL,2000,2893
Bolivia,BOL,2005,3128
Bolivia,BOL,2006,3157
Bolivia,BOL,2010,3476
Bolivia,BOL,2016,4133
Bosnia and Herzegovina,BIH,1990,6764
Bosnia and Herzegovina,BIH,1995,6826
Bosnia and Herzegovina,BIH,2000,6614
Bosnia and Herzegovina,BIH,2005,7215
Bosnia and Herzegovina,BIH,2006,7309
Bosnia and Herzegovina,BIH,2010,7440
Bosnia and Herzegovina,BIH,2016,7853
Botswana,BWA,1990,619
Botswana,BWA,1995,858
Botswana,BWA,2000,1281
Botswana,BWA,2005,1289
Botswana,BWA,2006,1268
Botswana,BWA,2010,1231
Botswana,BWA,2016,1308
Brazil,BRA,1990,115110
Brazil,BRA,1995,124631
Brazil,BRA,2000,128115
Brazil,BRA,2005,128398
Brazil,BRA,2006,128483
Brazil,BRA,2010,128433
Brazil,BRA,2016,131903
Brunei,BRN,1990,114
Brunei,BRN,1995,127
Brunei,BRN,2000,114
Brunei,BRN,2005,131
Brunei,BRN,2006,137
Brunei,BRN,2010,156
Brunei,BRN,2016,213
Bulgaria,BGR,1990,18242
Bulgaria,BGR,1995,19170
Bulgaria,BGR,2000,18051
Bulgaria,BGR,2005,17813
Bulgaria,BGR,2006,17715
Bulgaria,BGR,2010,16199
Bulgaria,BGR,2016,14910
Burkina Faso,BFA,1990,3015
Burkina Faso,BFA,1995,3280
Burkina Faso,BFA,2000,3785
Burkina Faso,BFA,2005,4090
Burkina Faso,BFA,2006,4128
Burkina Faso,BFA,2010,3715
Burkina Faso,BFA,2016,3588
Burundi,BDI,1990,2159
Burundi,BDI,1995,2249
Burundi,BDI,2000,1899
Burundi,BDI,2005,1683
Burundi,BDI,2006,1670
Burundi,BDI,2010,1730
Burundi,BDI,2016,2051
Cambodia,KHM,1990,7623
Cambodia,KHM,1995,9120
Cambodia,KHM,2000,10402
Cambodia,KHM,2005,11517
Cambodia,KHM,2006,11453
Cambodia,KHM,2010,11913
Cambodia,KHM,2016,13201
Cameroon,CMR,1990,3327
Cameroon,CMR,1995,3890
Cameroon,CMR,2000,4916
Cameroon,CMR,2005,5446
Cameroon,CMR,2006,5525
Cameroon,CMR,2010,5900
Cameroon,CMR,2016,6681
Canada,CAN,1990,40579
Canada,CAN,1995,42562
Canada,CAN,2000,42655
Canada,CAN,2005,43230
Canada,CAN,2006,43267
Canada,CAN,2010,42588
Canada,CAN,2016,45947
Cape Verde,CPV,1990,136
Cape Verde,CPV,1995,150
Cape Verde,CPV,2000,157
Cape Verde,CPV,2005,186
Cape Verde,CPV,2006,190
Cape Verde,CPV,2010,204
Cape Verde,CPV,2016,201
Caribbean,,1990,26340
Caribbean,,1995,28469
Caribbean,,2000,29594
Caribbean,,2005,30609
Caribbean,,2006,30828
Caribbean,,2010,31703
Caribbean,,2016,33828
Central African Republic,CAF,1990,1484
Central African Republic,CAF,1995,1737
Central African Republic,CAF,2000,1956
Central African Republic,CAF,2005,2076
Central African Republic,CAF,2006,2112
Central African Republic,CAF,2010,2269
Central African Republic,CAF,2016,2649
Central Asia,,1990,60281
Central Asia,,1995,72127
Central Asia,,2000,68376
Central Asia,,2005,72307
Central Asia,,2006,72051
Central Asia,,2010,66990
Central Asia,,2016,64419
Central Europe,,1990,236352
Central Europe,,1995,240781
Central Europe,,2000,229657
Central Europe,,2005,226755
Central Europe,,2006,226218
Central Europe,,2010,223553
Central Europe,,2016,206558
Central Sub-Saharan Africa,,1990,14930
Central Sub-Saharan Africa,,1995,17302
Central Sub-Saharan Africa,,2000,19021
Central Sub-Saharan Africa,,2005,20010
Central Sub-Saharan Africa,,2006,20445
Central Sub-Saharan Africa,,2010,23288
Central Sub-Saharan Africa,,2016,28206
Chad,TCD,1990,1432
Chad,TCD,1995,1650
Chad,TCD,2000,2151
Chad,TCD,2005,2338
Chad,TCD,2006,2368
Chad,TCD,2010,2702
Chad,TCD,2016,3022
Chile,CHL,1990,9203
Chile,CHL,1995,9115
Chile,CHL,2000,8663
Chile,CHL,2005,9231
Chile,CHL,2006,9190
Chile,CHL,2010,10008
Chile,CHL,2016,10828
China,CHN,1990,1402682
China,CHN,1995,1593362
China,CHN,2000,1766872
China,CHN,2005,1826367
China,CHN,2006,1762405
China,CHN,2010,1784484
China,CHN,2016,1759072
Colombia,COL,1990,14223
Colombia,COL,1995,15766
Colombia,COL,2000,16773
Colombia,COL,2005,18324
Colombia,COL,2006,19096
Colombia,COL,2010,19326
Colombia,COL,2016,18475
Comoros,COM,1990,138
Comoros,COM,1995,153
Comoros,COM,2000,152
Comoros,COM,2005,147
Comoros,COM,2006,150
Comoros,COM,2010,152
Comoros,COM,2016,154
Congo,COG,1990,1165
Congo,COG,1995,1286
Congo,COG,2000,1202
Congo,COG,2005,1000
Congo,COG,2006,1000
Congo,COG,2010,1046
Congo,COG,2016,1246
Costa Rica,CRI,1990,742
Costa Rica,CRI,1995,860
Costa Rica,CRI,2000,1023
Costa Rica,CRI,2005,978
Costa Rica,CRI,2006,935
Costa Rica,CRI,2010,899
Costa Rica,CRI,2016,1015
Cote d'Ivoire,CIV,1990,3446
Cote d'Ivoire,CIV,1995,4755
Cote d'Ivoire,CIV,2000,5154
Cote d'Ivoire,CIV,2005,5147
Cote d'Ivoire,CIV,2006,5228
Cote d'Ivoire,CIV,2010,5531
Cote d'Ivoire,CIV,2016,6606
Croatia,HRV,1990,11028
Croatia,HRV,1995,10516
Croatia,HRV,2000,9831
Croatia,HRV,2005,9129
Croatia,HRV,2006,9057
Croatia,HRV,2010,8812
Croatia,HRV,2016,8515
Cuba,CUB,1990,13686
Cuba,CUB,1995,14386
Cuba,CUB,2000,14985
Cuba,CUB,2005,16113
Cuba,CUB,2006,16285
Cuba,CUB,2010,16816
Cuba,CUB,2016,18044
Cyprus,CYP,1990,661
Cyprus,CYP,1995,701
Cyprus,CYP,2000,692
Cyprus,CYP,2005,767
Cyprus,CYP,2006,750
Cyprus,CYP,2010,820
Cyprus,CYP,2016,836
Czech Republic,CZE,1990,23843
Czech Republic,CZE,1995,21026
Czech Republic,CZE,2000,19413
Czech Republic,CZE,2005,18223
Czech Republic,CZE,2006,17851
Czech Republic,CZE,2010,17637
Czech Republic,CZE,2016,15938
Democratic Republic of Congo,COD,1990,8520
Democratic Republic of Congo,COD,1995,10111
Democratic Republic of Congo,COD,2000,11692
Democratic Republic of Congo,COD,2005,12548
Democratic Republic of Congo,COD,2006,12867
Democratic Republic of Congo,COD,2010,15147
Democratic Republic of Congo,COD,2016,18509
Denmark,DNK,1990,14594
Denmark,DNK,1995,14939
Denmark,DNK,2000,13990
Denmark,DNK,2005,13235
Denmark,DNK,2006,13025
Denmark,DNK,2010,12199
Denmark,DNK,2016,11167
Djibouti,DJI,1990,190
Djibouti,DJI,1995,223
Djibouti,DJI,2000,255
Djibouti,DJI,2005,296
Djibouti,DJI,2006,308
Djibouti,DJI,2010,384
Djibouti,DJI,2016,410
Dominica,DMA,1990,25
Dominica,DMA,1995,29
Dominica,DMA,2000,25
Dominica,DMA,2005,26
Dominica,DMA,2006,26
Dominica,DMA,2010,29
Dominica,DMA,2016,33
Dominican Republic,DOM,1990,3158
Dominican Republic,DOM,1995,3820
Dominican Republic,DOM,2000,4307
Dominican Republic,DOM,2005,4393
Dominican Republic,DOM,2006,4431
Dominican Republic,DOM,2010,4398
Dominican Republic,DOM,2016,4679
East Asia,,1990,1450407
East Asia,,1995,1652183
East Asia,,2000,1836429
East Asia,,2005,1906128
East Asia,,2006,1843586
East Asia,,2010,1872483
East Asia,,2016,1855765
Eastern Europe,,1990,413332
Eastern Europe,,1995,563568
Eastern Europe,,2000,524107
Eastern Europe,,2005,538210
Eastern Europe,,2006,499565
Eastern Europe,,2010,437664
Eastern Europe,,2016,397901
Eastern Sub-Saharan Africa,,1990,50916
Eastern Sub-Saharan Africa,,1995,56075
Eastern Sub-Saharan Africa,,2000,60203
Eastern Sub-Saharan Africa,,2005,64341
Eastern Sub-Saharan Africa,,2006,65818
Eastern Sub-Saharan Africa,,2010,72486
Eastern Sub-Saharan Africa,,2016,81554
Ecuador,ECU,1990,2199
Ecuador,ECU,1995,2576
Ecuador,ECU,2000,2849
Ecuador,ECU,2005,3071
Ecuador,ECU,2006,3030
Ecuador,ECU,2010,2965
Ecuador,ECU,2016,3016
Egypt,EGY,1990,28038
Egypt,EGY,1995,30188
Egypt,EGY,2000,31657
Egypt,EGY,2005,36956
Egypt,EGY,2006,38498
Egypt,EGY,2010,44323
Egypt,EGY,2016,50243
El Salvador,SLV,1990,1068
El Salvador,SLV,1995,1066
El Salvador,SLV,2000,1057
El Salvador,SLV,2005,1140
El Salvador,SLV,2006,1142
El Salvador,SLV,2010,1170
El Salvador,SLV,2016,1305
England,,1990,118190
England,,1995,107982
England,,2000,98070
England,,2005,91843
England,,2006,89827
England,,2010,85793
England,,2016,89836
Equatorial Guinea,GNQ,1990,115
Equatorial Guinea,GNQ,1995,115
Equatorial Guinea,GNQ,2000,114
Equatorial Guinea,GNQ,2005,100
Equatorial Guinea,GNQ,2006,105
Equatorial Guinea,GNQ,2010,112
Equatorial Guinea,GNQ,2016,130
Eritrea,ERI,1990,737
Eritrea,ERI,1995,530
Eritrea,ERI,2000,524
Eritrea,ERI,2005,603
Eritrea,ERI,2006,612
Eritrea,ERI,2010,640
Eritrea,ERI,2016,658
Estonia,EST,1990,2994
Estonia,EST,1995,3410
Estonia,EST,2000,2792
Estonia,EST,2005,2548
Estonia,EST,2006,2555
Estonia,EST,2010,2022
Estonia,EST,2016,1867
Ethiopia,ETH,1990,15822
Ethiopia,ETH,1995,14921
Ethiopia,ETH,2000,12767
Ethiopia,ETH,2005,11841
Ethiopia,ETH,2006,11990
Ethiopia,ETH,2010,12876
Ethiopia,ETH,2016,14826
Fiji,FJI,1990,517
Fiji,FJI,1995,574
Fiji,FJI,2000,608
Fiji,FJI,2005,628
Fiji,FJI,2006,636
Fiji,FJI,2010,643
Fiji,FJI,2016,695
Finland,FIN,1990,6732
Finland,FIN,1995,6027
Finland,FIN,2000,5714
Finland,FIN,2005,5551
Finland,FIN,2006,5573
Finland,FIN,2010,5474
Finland,FIN,2016,4954
France,FRA,1990,70096
France,FRA,1995,70861
France,FRA,2000,71564
France,FRA,2005,70629
France,FRA,2006,70916
France,FRA,2010,73594
France,FRA,2016,71647
Gabon,GAB,1990,557
Gabon,GAB,1995,593
Gabon,GAB,2000,550
Gabon,GAB,2005,500
Gabon,GAB,2006,489
Gabon,GAB,2010,449
Gabon,GAB,2016,462
Gambia,GMB,1990,196
Gambia,GMB,1995,223
Gambia,GMB,2000,261
Gambia,GMB,2005,294
Gambia,GMB,2006,302
Gambia,GMB,2010,315
Gambia,GMB,2016,349
Georgia,GEO,1990,6805
Georgia,GEO,1995,5784
Georgia,GEO,2000,5686
Georgia,GEO,2005,6600
Georgia,GEO,2006,6524
Georgia,GEO,2010,6754
Georgia,GEO,2016,6132
Germany,DEU,1990,140818
Germany,DEU,1995,130416
Germany,DEU,2000,120019
Germany,DEU,2005,117389
Germany,DEU,2006,117259
Germany,DEU,2010,118839
Germany,DEU,2016,120655
Ghana,GHA,1990,2318
Ghana,GHA,1995,2652
Ghana,GHA,2000,3514
Ghana,GHA,2005,4165
Ghana,GHA,2006,4248
Ghana,GHA,2010,4344
Ghana,GHA,2016,4321
Greece,GRC,1990,17025
Greece,GRC,1995,18118
Greece,GRC,2000,18794
Greece,GRC,2005,19345
Greece,GRC,2006,19344
Greece,GRC,2010,20163
Greece,GRC,2016,21146
Greenland,GRL,1990,128
Greenland,GRL,1995,125
Greenland,GRL,2000,134
Greenland,GRL,2005,138
Greenland,GRL,2006,133
Greenland,GRL,2010,131
Greenland,GRL,2016,131
Grenada,GRD,1990,44
Grenada,GRD,1995,43
Grenada,GRD,2000,44
Grenada,GRD,2005,49
Grenada,GRD,2006,49
Grenada,GRD,2010,48
Grenada,GRD,2016,54
Guam,GUM,1990,109
Guam,GUM,1995,125
Guam,GUM,2000,147
Guam,GUM,2005,178
Guam,GUM,2006,187
Guam,GUM,2010,224
Guam,GUM,2016,266
Guatemala,GTM,1990,1398
Guatemala,GTM,1995,1650
Guatemala,GTM,2000,1846
Guatemala,GTM,2005,1870
Guatemala,GTM,2006,1811
Guatemala,GTM,2010,1724
Guatemala,GTM,2016,1952
Guinea,GIN,1990,1439
Guinea,GIN,1995,2084
Guinea,GIN,2000,2539
Guinea,GIN,2005,2700
Guinea,GIN,2006,2797
Guinea,GIN,2010,3257
Guinea,GIN,2016,3781
Guinea-Bissau,GNB,1990,504
Guinea-Bissau,GNB,1995,525
Guinea-Bissau,GNB,2000,562
Guinea-Bissau,GNB,2005,624
Guinea-Bissau,GNB,2006,636
Guinea-Bissau,GNB,2010,708
Guinea-Bissau,GNB,2016,805
Guyana,GUY,1990,371
Guyana,GUY,1995,371
Guyana,GUY,2000,343
Guyana,GUY,2005,385
Guyana,GUY,2006,386
Guyana,GUY,2010,420
Guyana,GUY,2016,435
Haiti,HTI,1990,4657
Haiti,HTI,1995,4746
Haiti,HTI,2000,4594
Haiti,HTI,2005,4524
Haiti,HTI,2006,4489
Haiti,HTI,2010,4661
Haiti,HTI,2016,4828
High SDI,,1990,1407300
High SDI,,1995,1410094
High SDI,,2000,1392884
High SDI,,2005,1376398
High SDI,,2006,1368601
High SDI,,2010,1357396
High SDI,,2016,1407671
High-income,,1990,1364118
High-income,,1995,1370265
High-income,,2000,1364909
High-income,,2005,1352975
High-income,,2006,1343852
High-income,,2010,1336309
High-income,,2016,1393492
High-middle SDI,,1990,1138146
High-middle SDI,,1995,1370281
High-middle SDI,,2000,1373490
High-middle SDI,,2005,1392540
High-middle SDI,,2006,1337164
High-middle SDI,,2010,1271783
High-middle SDI,,2016,1229953
Honduras,HND,1990,1276
Honduras,HND,1995,1486
Honduras,HND,2000,1646
Honduras,HND,2005,1865
Honduras,HND,2006,1881
Honduras,HND,2010,1951
Honduras,HND,2016,2156
Hungary,HUN,1990,27654
Hungary,HUN,1995,27779
Hungary,HUN,2000,25925
Hungary,HUN,2005,26249
Hungary,HUN,2006,26385
Hungary,HUN,2010,26083
Hungary,HUN,2016,24702
Iceland,ISL,1990,339
Iceland,ISL,1995,344
Iceland,ISL,2000,327
Iceland,ISL,2005,319
Iceland,ISL,2006,321
Iceland,ISL,2010,323
Iceland,ISL,2016,356
India,IND,1990,472597
India,IND,1995,516654
India,IND,2000,570151
India,IND,2005,622382
India,IND,2006,634592
India,IND,2010,700842
India,IND,2016,719991
Indonesia,IDN,1990,106178
Indonesia,IDN,1995,118067
Indonesia,IDN,2000,131298
Indonesia,IDN,2005,155508
Indonesia,IDN,2006,160281
Indonesia,IDN,2010,176129
Indonesia,IDN,2016,193876
Iran,IRN,1990,16888
Iran,IRN,1995,20463
Iran,IRN,2000,24363
Iran,IRN,2005,29174
Iran,IRN,2006,29730
Iran,IRN,2010,31091
Iran,IRN,2016,33014
Iraq,IRQ,1990,10801
Iraq,IRQ,1995,12551
Iraq,IRQ,2000,14498
Iraq,IRQ,2005,16254
Iraq,IRQ,2006,16540
Iraq,IRQ,2010,17211
Iraq,IRQ,2016,18740
Ireland,IRL,1990,7312
Ireland,IRL,1995,7142
Ireland,IRL,2000,6763
Ireland,IRL,2005,5753
Ireland,IRL,2006,5626
Ireland,IRL,2010,5321
Ireland,IRL,2016,5401
Israel,ISR,1990,4469
Israel,ISR,1995,4861
Israel,ISR,2000,4674
Israel,ISR,2005,4739
Israel,ISR,2006,4764
Israel,ISR,2010,4660
Israel,ISR,2016,5127
Italy,ITA,1990,94314
Italy,ITA,1995,92707
Italy,ITA,2000,89051
Italy,ITA,2005,84044
Italy,ITA,2006,85387
Italy,ITA,2010,87578
Italy,ITA,2016,89501
Jamaica,JAM,1990,964
Jamaica,JAM,1995,1161
Jamaica,JAM,2000,1412
Jamaica,JAM,2005,1343
Jamaica,JAM,2006,1409
Jamaica,JAM,2010,1566
Jamaica,JAM,2016,1807
Japan,JPN,1990,125072
Japan,JPN,1995,133154
Japan,JPN,2000,137167
Japan,JPN,2005,142600
Japan,JPN,2006,143019
Japan,JPN,2010,146848
Japan,JPN,2016,147927
Jordan,JOR,1990,1284
Jordan,JOR,1995,1576
Jordan,JOR,2000,1742
Jordan,JOR,2005,2104
Jordan,JOR,2006,2135
Jordan,JOR,2010,2316
Jordan,JOR,2016,2764
Kazakhstan,KAZ,1990,23415
Kazakhstan,KAZ,1995,30045
Kazakhstan,KAZ,2000,26473
Kazakhstan,KAZ,2005,26546
Kazakhstan,KAZ,2006,26233
Kazakhstan,KAZ,2010,21784
Kazakhstan,KAZ,2016,19461
Kenya,KEN,1990,2800
Kenya,KEN,1995,3624
Kenya,KEN,2000,4478
Kenya,KEN,2005,5116
Kenya,KEN,2006,5168
Kenya,KEN,2010,5553
Kenya,KEN,2016,6250
Kiribati,KIR,1990,96
Kiribati,KIR,1995,106
Kiribati,KIR,2000,123
Kiribati,KIR,2005,141
Kiribati,KIR,2006,147
Kiribati,KIR,2010,162
Kiribati,KIR,2016,179
Kuwait,KWT,1990,417
Kuwait,KWT,1995,399
Kuwait,KWT,2000,455
Kuwait,KWT,2005,540
Kuwait,KWT,2006,567
Kuwait,KWT,2010,588
Kuwait,KWT,2016,727
Kyrgyzstan,KGZ,1990,4027
Kyrgyzstan,KGZ,1995,5069
Kyrgyzstan,KGZ,2000,4167
Kyrgyzstan,KGZ,2005,4362
Kyrgyzstan,KGZ,2006,4499
Kyrgyzstan,KGZ,2010,4130
Kyrgyzstan,KGZ,2016,3915
Laos,LAO,1990,4967
Laos,LAO,1995,5347
Laos,LAO,2000,5646
Laos,LAO,2005,5888
Laos,LAO,2006,5943
Laos,LAO,2010,6063
Laos,LAO,2016,6225
Latin America and Caribbean,,1990,209858
Latin America and Caribbean,,1995,230718
Latin America and Caribbean,,2000,237817
Latin America and Caribbean,,2005,244170
Latin America and Caribbean,,2006,244848
Latin America and Caribbean,,2010,250658
Latin America and Caribbean,,2016,263457
Latvia,LVA,1990,5002
Latvia,LVA,1995,6147
Latvia,LVA,2000,4701
Latvia,LVA,2005,4998
Latvia,LVA,2006,5130
Latvia,LVA,2010,4095
Latvia,LVA,2016,3613
Lebanon,LBN,1990,2987
Lebanon,LBN,1995,2471
Lebanon,LBN,2000,2293
Lebanon,LBN,2005,2772
Lebanon,LBN,2006,2853
Lebanon,LBN,2010,3119
Lebanon,LBN,2016,4469
Lesotho,LSO,1990,992
Lesotho,LSO,1995,1201
Lesotho,LSO,2000,1615
Lesotho,LSO,2005,2043
Lesotho,LSO,2006,2087
Lesotho,LSO,2010,2098
Lesotho,LSO,2016,2115
Liberia,LBR,1990,388
Liberia,LBR,1995,367
Liberia,LBR,2000,518
Liberia,LBR,2005,553
Liberia,LBR,2006,583
Liberia,LBR,2010,725
Liberia,LBR,2016,820
Libya,LBY,1990,1331
Libya,LBY,1995,1507
Libya,LBY,2000,1819
Libya,LBY,2005,2120
Libya,LBY,2006,2180
Libya,LBY,2010,2441
Libya,LBY,2016,3130
Lithuania,LTU,1990,6105
Lithuania,LTU,1995,7059
Lithuania,LTU,2000,5429
Lithuania,LTU,2005,6166
Lithuania,LTU,2006,6270
Lithuania,LTU,2010,5369
Lithuania,LTU,2016,4646
Low SDI,,1990,122592
Low SDI,,1995,140297
Low SDI,,2000,157349
Low SDI,,2005,174808
Low SDI,,2006,178830
Low SDI,,2010,197173
Low SDI,,2016,217817
Low-middle SDI,,1990,846725
Low-middle SDI,,1995,963642
Low-middle SDI,,2000,1076410
Low-middle SDI,,2005,1161117
Low-middle SDI,,2006,1175021
Low-middle SDI,,2010,1253934
Low-middle SDI,,2016,1354726
Luxembourg,LUX,1990,699
Luxembourg,LUX,1995,666
Luxembourg,LUX,2000,605
Luxembourg,LUX,2005,576
Luxembourg,LUX,2006,566
Luxembourg,LUX,2010,564
Luxembourg,LUX,2016,598
Macedonia,MKD,1990,2783
Macedonia,MKD,1995,2938
Macedonia,MKD,2000,3282
Macedonia,MKD,2005,3539
Macedonia,MKD,2006,3572
Macedonia,MKD,2010,3681
Macedonia,MKD,2016,3602
Madagascar,MDG,1990,4603
Madagascar,MDG,1995,4994
Madagascar,MDG,2000,5296
Madagascar,MDG,2005,5615
Madagascar,MDG,2006,5638
Madagascar,MDG,2010,6224
Madagascar,MDG,2016,7159
Malawi,MWI,1990,2416
Malawi,MWI,1995,3340
Malawi,MWI,2000,4282
Malawi,MWI,2005,4506
Malawi,MWI,2006,4612
Malawi,MWI,2010,4942
Malawi,MWI,2016,5179
Malaysia,MYS,1990,12644
Malaysia,MYS,1995,15008
Malaysia,MYS,2000,16967
Malaysia,MYS,2005,19133
Malaysia,MYS,2006,19499
Malaysia,MYS,2010,21080
Malaysia,MYS,2016,24185
Maldives,MDV,1990,129
Maldives,MDV,1995,140
Maldives,MDV,2000,137
Maldives,MDV,2005,126
Maldives,MDV,2006,124
Maldives,MDV,2010,130
Maldives,MDV,2016,144
Mali,MLI,1990,2115
Mali,MLI,1995,2017
Mali,MLI,2000,1823
Mali,MLI,2005,1807
Mali,MLI,2006,1812
Mali,MLI,2010,1898
Mali,MLI,2016,1911
Malta,MLT,1990,409
Malta,MLT,1995,409
Malta,MLT,2000,435
Malta,MLT,2005,387
Malta,MLT,2006,393
Malta,MLT,2010,399
Malta,MLT,2016,400
Marshall Islands,MHL,1990,25
Marshall Islands,MHL,1995,28
Marshall Islands,MHL,2000,31
Marshall Islands,MHL,2005,37
Marshall Islands,MHL,2006,39
Marshall Islands,MHL,2010,42
Marshall Islands,MHL,2016,47
Mauritania,MRT,1990,539
Mauritania,MRT,1995,558
Mauritania,MRT,2000,511
Mauritania,MRT,2005,495
Mauritania,MRT,2006,492
Mauritania,MRT,2010,532
Mauritania,MRT,2016,658
Mauritius,MUS,1990,1054
Mauritius,MUS,1995,1100
Mauritius,MUS,2000,1101
Mauritius,MUS,2005,963
Mauritius,MUS,2006,932
Mauritius,MUS,2010,876
Mauritius,MUS,2016,938
Mexico,MEX,1990,27938
Mexico,MEX,1995,31974
Mexico,MEX,2000,32387
Mexico,MEX,2005,33273
Mexico,MEX,2006,32156
Mexico,MEX,2010,34220
Mexico,MEX,2016,38786
Micronesia (country),FSM,1990,100
Micronesia (country),FSM,1995,111
Micronesia (country),FSM,2000,106
Micronesia (country),FSM,2005,107
Micronesia (country),FSM,2006,108
Micronesia (country),FSM,2010,114
Micronesia (country),FSM,2016,119
Middle SDI,,1990,1555201
Middle SDI,,1995,1754142
Middle SDI,,2000,1944299
Middle SDI,,2005,2057761
Middle SDI,,2006,2022338
Middle SDI,,2010,2091383
Middle SDI,,2016,2110931
Moldova,MDA,1990,6424
Moldova,MDA,1995,7578
Moldova,MDA,2000,5563
Moldova,MDA,2005,6014
Moldova,MDA,2006,5809
Moldova,MDA,2010,5797
Moldova,MDA,2016,4936
Mongolia,MNG,1990,2139
Mongolia,MNG,1995,2669
Mongolia,MNG,2000,2721
Mongolia,MNG,2005,3205
Mongolia,MNG,2006,3215
Mongolia,MNG,2010,3283
Mongolia,MNG,2016,3589
Montenegro,MNE,1990,889
Montenegro,MNE,1995,1079
Montenegro,MNE,2000,1218
Montenegro,MNE,2005,1291
Montenegro,MNE,2006,1285
Montenegro,MNE,2010,1241
Montenegro,MNE,2016,1296
Morocco,MAR,1990,9381
Morocco,MAR,1995,9872
Morocco,MAR,2000,10101
Morocco,MAR,2005,11007
Morocco,MAR,2006,11148
Morocco,MAR,2010,11979
Morocco,MAR,2016,13533
Mozambique,MOZ,1990,4200
Mozambique,MOZ,1995,4735
Mozambique,MOZ,2000,5513
Mozambique,MOZ,2005,6111
Mozambique,MOZ,2006,6381
Mozambique,MOZ,2010,7772
Mozambique,MOZ,2016,8448
Myanmar,MMR,1990,58440
Myanmar,MMR,1995,62072
Myanmar,MMR,2000,65037
Myanmar,MMR,2005,65412
Myanmar,MMR,2006,64519
Myanmar,MMR,2010,61295
Myanmar,MMR,2016,61937
Namibia,NAM,1990,782
Namibia,NAM,1995,916
Namibia,NAM,2000,1219
Namibia,NAM,2005,1161
Namibia,NAM,2006,1143
Namibia,NAM,2010,991
Namibia,NAM,2016,918
Nepal,NPL,1990,16335
Nepal,NPL,1995,18248
Nepal,NPL,2000,20558
Nepal,NPL,2005,24548
Nepal,NPL,2006,24950
Nepal,NPL,2010,26035
Nepal,NPL,2016,24917
Netherlands,NLD,1990,27524
Netherlands,NLD,1995,28879
Netherlands,NLD,2000,29325
Netherlands,NLD,2005,28710
Netherlands,NLD,2006,28502
Netherlands,NLD,2010,28919
Netherlands,NLD,2016,29196
New Zealand,NZL,1990,4869
New Zealand,NZL,1995,4677
New Zealand,NZL,2000,4334
New Zealand,NZL,2005,4145
New Zealand,NZL,2006,4182
New Zealand,NZL,2010,4144
New Zealand,NZL,2016,4457
Nicaragua,NIC,1990,436
Nicaragua,NIC,1995,558
Nicaragua,NIC,2000,569
Nicaragua,NIC,2005,638
Nicaragua,NIC,2006,640
Nicaragua,NIC,2010,705
Nicaragua,NIC,2016,864
Niger,NER,1990,962
Niger,NER,1995,995
Niger,NER,2000,1157
Niger,NER,2005,1457
Niger,NER,2006,1545
Niger,NER,2010,1861
Niger,NER,2016,2421
Nigeria,NGA,1990,17510
Nigeria,NGA,1995,18683
Nigeria,NGA,2000,18717
Nigeria,NGA,2005,13008
Nigeria,NGA,2006,12220
Nigeria,NGA,2010,10834
Nigeria,NGA,2016,11026
North Africa and Middle East,,1990,167379
North Africa and Middle East,,1995,194365
North Africa and Middle East,,2000,206092
North Africa and Middle East,,2005,223218
North Africa and Middle East,,2006,225927
North Africa and Middle East,,2010,240949
North Africa and Middle East,,2016,271160
North America,,1990,467382
North America,,1995,485056
North America,,2000,499305
North America,,2005,502596
North America,,2006,496593
North America,,2010,483661
North America,,2016,525774
North Korea,PRK,1990,29746
North Korea,PRK,1995,36969
North Korea,PRK,2000,45161
North Korea,PRK,2005,53022
North Korea,PRK,2006,54294
North Korea,PRK,2010,59773
North Korea,PRK,2016,66160
Northern Ireland,,1990,3545
Northern Ireland,,1995,3195
Northern Ireland,,2000,2925
Northern Ireland,,2005,2726
Northern Ireland,,2006,2714
Northern Ireland,,2010,2680
Northern Ireland,,2016,2978
Northern Mariana Islands,MNP,1990,22
Northern Mariana Islands,MNP,1995,24
Northern Mariana Islands,MNP,2000,25
Northern Mariana Islands,MNP,2005,30
Northern Mariana Islands,MNP,2006,31
Northern Mariana Islands,MNP,2010,38
Northern Mariana Islands,MNP,2016,49
Norway,NOR,1990,7099
Norway,NOR,1995,7076
Norway,NOR,2000,7079
Norway,NOR,2005,6661
Norway,NOR,2006,6628
Norway,NOR,2010,6614
Norway,NOR,2016,5989
Oceania,,1990,7522
Oceania,,1995,8384
Oceania,,2000,9318
Oceania,,2005,11010
Oceania,,2006,11369
Oceania,,2010,12697
Oceania,,2016,13862
Oman,OMN,1990,326
Oman,OMN,1995,406
Oman,OMN,2000,368
Oman,OMN,2005,337
Oman,OMN,2006,339
Oman,OMN,2010,412
Oman,OMN,2016,729
Pakistan,PAK,1990,68606
Pakistan,PAK,1995,93049
Pakistan,PAK,2000,115153
Pakistan,PAK,2005,127533
Pakistan,PAK,2006,127069
Pakistan,PAK,2010,126917
Pakistan,PAK,2016,130874
Palestine,PSE,1990,692
Palestine,PSE,1995,838
Palestine,PSE,2000,1139
Palestine,PSE,2005,1418
Palestine,PSE,2006,1458
Palestine,PSE,2010,1691
Palestine,PSE,2016,2324
Panama,PAN,1990,756
Panama,PAN,1995,863
Panama,PAN,2000,828
Panama,PAN,2005,911
Panama,PAN,2006,894
Panama,PAN,2010,815
Panama,PAN,2016,777
Papua New Guinea,PNG,1990,5865
Papua New Guinea,PNG,1995,6549
Papua New Guinea,PNG,2000,7352
Papua New Guinea,PNG,2005,8855
Papua New Guinea,PNG,2006,9168
Papua New Guinea,PNG,2010,10327
Papua New Guinea,PNG,2016,11252
Paraguay,PRY,1990,1593
Paraguay,PRY,1995,1931
Paraguay,PRY,2000,2287
Paraguay,PRY,2005,2747
Paraguay,PRY,2006,2838
Paraguay,PRY,2010,3152
Paraguay,PRY,2016,3435
Peru,PER,1990,4854
Peru,PER,1995,6169
Peru,PER,2000,5382
Peru,PER,2005,5509
Peru,PER,2006,5541
Peru,PER,2010,6473
Peru,PER,2016,6542
Philippines,PHL,1990,43854
Philippines,PHL,1995,54881
Philippines,PHL,2000,69542
Philippines,PHL,2005,84046
Philippines,PHL,2006,86614
Philippines,PHL,2010,97786
Philippines,PHL,2016,107183
Poland,POL,1990,81867
Poland,POL,1995,79313
Poland,POL,2000,74858
Poland,POL,2005,72951
Poland,POL,2006,73661
Poland,POL,2010,72483
Poland,POL,2016,66409
Portugal,PRT,1990,10766
Portugal,PRT,1995,11199
Portugal,PRT,2000,11472
Portugal,PRT,2005,12020
Portugal,PRT,2006,11923
Portugal,PRT,2010,11746
Portugal,PRT,2016,10870
Puerto Rico,PRI,1990,2076
Puerto Rico,PRI,1995,2462
Puerto Rico,PRI,2000,2371
Puerto Rico,PRI,2005,2281
Puerto Rico,PRI,2006,2255
Puerto Rico,PRI,2010,2189
Puerto Rico,PRI,2016,2150
Qatar,QAT,1990,103
Qatar,QAT,1995,129
Qatar,QAT,2000,143
Qatar,QAT,2005,151
Qatar,QAT,2006,148
Qatar,QAT,2010,184
Qatar,QAT,2016,244
Romania,ROU,1990,34176
Romania,ROU,1995,40451
Romania,ROU,2000,37203
Romania,ROU,2005,36947
Romania,ROU,2006,36408
Romania,ROU,2010,37737
Romania,ROU,2016,32838
Russia,RUS,1990,262327
Russia,RUS,1995,372001
Russia,RUS,2000,359691
Russia,RUS,2005,372102
Russia,RUS,2006,341024
Russia,RUS,2010,304361
Russia,RUS,2016,282072
Rwanda,RWA,1990,1688
Rwanda,RWA,1995,1889
Rwanda,RWA,2000,1971
Rwanda,RWA,2005,1295
Rwanda,RWA,2006,1304
Rwanda,RWA,2010,1354
Rwanda,RWA,2016,1661
Saint Lucia,LCA,1990,55
Saint Lucia,LCA,1995,51
Saint Lucia,LCA,2000,49
Saint Lucia,LCA,2005,57
Saint Lucia,LCA,2006,58
Saint Lucia,LCA,2010,60
Saint Lucia,LCA,2016,71
Saint Vincent and the Grenadines,VCT,1990,37
Saint Vincent and the Grenadines,VCT,1995,41
Saint Vincent and the Grenadines,VCT,2000,44
Saint Vincent and the Grenadines,VCT,2005,43
Saint Vincent and the Grenadines,VCT,2006,43
Saint Vincent and the Grenadines,VCT,2010,44
Saint Vincent and the Grenadines,VCT,2016,53
Samoa,WSM,1990,120
Samoa,WSM,1995,129
Samoa,WSM,2000,128
Samoa,WSM,2005,127
Samoa,WSM,2006,127
Samoa,WSM,2010,131
Samoa,WSM,2016,138
Sao Tome and Principe,STP,1990,40
Sao Tome and Principe,STP,1995,43
Sao Tome and Principe,STP,2000,51
Sao Tome and Principe,STP,2005,54
Sao Tome and Principe,STP,2006,54
Sao Tome and Principe,STP,2010,52
Sao Tome and Principe,STP,2016,55
Saudi Arabia,SAU,1990,1568
Saudi Arabia,SAU,1995,2391
Saudi Arabia,SAU,2000,3228
Saudi Arabia,SAU,2005,3878
Saudi Arabia,SAU,2006,3971
Saudi Arabia,SAU,2010,4456
Saudi Arabia,SAU,2016,5736
Scotland,,1990,16745
Scotland,,1995,15412
Scotland,,2000,13713
Scotland,,2005,12872
Scotland,,2006,12583
Scotland,,2010,11968
Scotland,,2016,12382
Senegal,SEN,1990,1973
Senegal,SEN,1995,2011
Senegal,SEN,2000,2067
Senegal,SEN,2005,2335
Senegal,SEN,2006,2413
Senegal,SEN,2010,2646
Senegal,SEN,2016,3218
Serbia,SRB,1990,14242
Serbia,SRB,1995,17857
Serbia,SRB,2000,19627
Serbia,SRB,2005,19921
Serbia,SRB,2006,19572
Serbia,SRB,2010,19134
Serbia,SRB,2016,17431
Seychelles,SYC,1990,67
Seychelles,SYC,1995,76
Seychelles,SYC,2000,74
Seychelles,SYC,2005,73
Seychelles,SYC,2006,71
Seychelles,SYC,2010,71
Seychelles,SYC,2016,75
Sierra Leone,SLE,1990,1815
Sierra Leone,SLE,1995,1596
Sierra Leone,SLE,2000,1647
Sierra Leone,SLE,2005,2082
Sierra Leone,SLE,2006,2157
Sierra Leone,SLE,2010,2380
Sierra Leone,SLE,2016,2565
Singapore,SGP,1990,2295
Singapore,SGP,1995,2217
Singapore,SGP,2000,2029
Singapore,SGP,2005,1978
Singapore,SGP,2006,2023
Singapore,SGP,2010,1855
Singapore,SGP,2016,1949
Slovakia,SVK,1990,9495
Slovakia,SVK,1995,8259
Slovakia,SVK,2000,7717
Slovakia,SVK,2005,7356
Slovakia,SVK,2006,7333
Slovakia,SVK,2010,7159
Slovakia,SVK,2016,7036
Slovenia,SVN,1990,3078
Slovenia,SVN,1995,3091
Slovenia,SVN,2000,2992
Slovenia,SVN,2005,2812
Slovenia,SVN,2006,2754
Slovenia,SVN,2010,2563
Slovenia,SVN,2016,2391
Solomon Islands,SLB,1990,361
Solomon Islands,SLB,1995,392
Solomon Islands,SLB,2000,439
Solomon Islands,SLB,2005,535
Solomon Islands,SLB,2006,558
Solomon Islands,SLB,2010,639
Solomon Islands,SLB,2016,697
Somalia,SOM,1990,2461
Somalia,SOM,1995,2410
Somalia,SOM,2000,2587
Somalia,SOM,2005,2693
Somalia,SOM,2006,2701
Somalia,SOM,2010,2703
Somalia,SOM,2016,2844
South Africa,ZAF,1990,30048
South Africa,ZAF,1995,33484
South Africa,ZAF,2000,46913
South Africa,ZAF,2005,43188
South Africa,ZAF,2006,43112
South Africa,ZAF,2010,40578
South Africa,ZAF,2016,36658
South Asia,,1990,640314
South Asia,,1995,714868
South Asia,,2000,796604
South Asia,,2005,864501
South Asia,,2006,880472
South Asia,,2010,962439
South Asia,,2016,1021541
South Korea,KOR,1990,37649
South Korea,KOR,1995,39064
South Korea,KOR,2000,42194
South Korea,KOR,2005,40284
South Korea,KOR,2006,39366
South Korea,KOR,2010,38195
South Korea,KOR,2016,43601
South Sudan,SSD,1990,1107
South Sudan,SSD,1995,1197
South Sudan,SSD,2000,1477
South Sudan,SSD,2005,1679
South Sudan,SSD,2006,1768
South Sudan,SSD,2010,1998
South Sudan,SSD,2016,2499
Southeast Asia,,1990,374139
Southeast Asia,,1995,428948
Southeast Asia,,2000,481313
Southeast Asia,,2005,532172
Southeast Asia,,2006,541008
Southeast Asia,,2010,566648
Southeast Asia,,2016,617631
Southern Sub-Saharan Africa,,1990,37120
Southern Sub-Saharan Africa,,1995,40908
Southern Sub-Saharan Africa,,2000,58182
Southern Sub-Saharan Africa,,2005,56772
Southern Sub-Saharan Africa,,2006,56735
Southern Sub-Saharan Africa,,2010,53989
Southern Sub-Saharan Africa,,2016,49011
Spain,ESP,1990,51127
Spain,ESP,1995,52786
Spain,ESP,2000,54572
Spain,ESP,2005,56334
Spain,ESP,2006,55686
Spain,ESP,2010,55003
Spain,ESP,2016,53552
Sri Lanka,LKA,1990,7958
Sri Lanka,LKA,1995,8646
Sri Lanka,LKA,2000,9722
Sri Lanka,LKA,2005,10048
Sri Lanka,LKA,2006,10186
Sri Lanka,LKA,2010,10027
Sri Lanka,LKA,2016,9747
Sub-Saharan Africa,,1990,146263
Sub-Saharan Africa,,1995,162250
Sub-Saharan Africa,,2000,189812
Sub-Saharan Africa,,2005,191178
Sub-Saharan Africa,,2006,193056
Sub-Saharan Africa,,2010,201278
Sub-Saharan Africa,,2016,215310
Sudan,SDN,1990,7080
Sudan,SDN,1995,8692
Sudan,SDN,2000,9669
Sudan,SDN,2005,10547
Sudan,SDN,2006,10669
Sudan,SDN,2010,10805
Sudan,SDN,2016,12435
Suriname,SUR,1990,178
Suriname,SUR,1995,202
Suriname,SUR,2000,241
Suriname,SUR,2005,281
Suriname,SUR,2006,287
Suriname,SUR,2010,311
Suriname,SUR,2016,359
Swaziland,SWZ,1990,408
Swaziland,SWZ,1995,427
Swaziland,SWZ,2000,627
Swaziland,SWZ,2005,734
Swaziland,SWZ,2006,731
Swaziland,SWZ,2010,723
Swaziland,SWZ,2016,652
Sweden,SWE,1990,11428
Sweden,SWE,1995,10529
Sweden,SWE,2000,10587
Sweden,SWE,2005,10620
Sweden,SWE,2006,10452
Sweden,SWE,2010,9958
Sweden,SWE,2016,10137
Switzerland,CHE,1990,8612
Switzerland,CHE,1995,8672
Switzerland,CHE,2000,8539
Switzerland,CHE,2005,8129
Switzerland,CHE,2006,8103
Switzerland,CHE,2010,8216
Switzerland,CHE,2016,8290
Syria,SYR,1990,5467
Syria,SYR,1995,6318
Syria,SYR,2000,7517
Syria,SYR,2005,7919
Syria,SYR,2006,7979
Syria,SYR,2010,8690
Syria,SYR,2016,8404
Taiwan,TWN,1990,17979
Taiwan,TWN,1995,21852
Taiwan,TWN,2000,24396
Taiwan,TWN,2005,26739
Taiwan,TWN,2006,26888
Taiwan,TWN,2010,28226
Taiwan,TWN,2016,30533
Tajikistan,TJK,1990,2185
Tajikistan,TJK,1995,1757
Tajikistan,TJK,2000,1348
Tajikistan,TJK,2005,1217
Tajikistan,TJK,2006,1155
Tajikistan,TJK,2010,1100
Tajikistan,TJK,2016,1076
Tanzania,TZA,1990,6117
Tanzania,TZA,1995,7298
Tanzania,TZA,2000,8300
Tanzania,TZA,2005,9569
Tanzania,TZA,2006,9849
Tanzania,TZA,2010,11290
Tanzania,TZA,2016,13196
Thailand,THA,1990,51460
Thailand,THA,1995,59389
Thailand,THA,2000,66451
Thailand,THA,2005,68120
Thailand,THA,2006,68701
Thailand,THA,2010,66717
Thailand,THA,2016,75429
Timor,TLS,1990,350
Timor,TLS,1995,401
Timor,TLS,2000,372
Timor,TLS,2005,455
Timor,TLS,2006,463
Timor,TLS,2010,560
Timor,TLS,2016,646
Togo,TGO,1990,1048
Togo,TGO,1995,1217
Togo,TGO,2000,1403
Togo,TGO,2005,1566
Togo,TGO,2006,1595
Togo,TGO,2010,1825
Togo,TGO,2016,2080
Tonga,TON,1990,99
Tonga,TON,1995,113
Tonga,TON,2000,116
Tonga,TON,2005,115
Tonga,TON,2006,114
Tonga,TON,2010,115
Tonga,TON,2016,115
Trinidad and Tobago,TTO,1990,744
Trinidad and Tobago,TTO,1995,759
Trinidad and Tobago,TTO,2000,758
Trinidad and Tobago,TTO,2005,692
Trinidad and Tobago,TTO,2006,689
Trinidad and Tobago,TTO,2010,718
Trinidad and Tobago,TTO,2016,811
Tunisia,TUN,1990,5692
Tunisia,TUN,1995,6703
Tunisia,TUN,2000,6676
Tunisia,TUN,2005,7342
Tunisia,TUN,2006,7549
Tunisia,TUN,2010,8234
Tunisia,TUN,2016,9855
Turkey,TUR,1990,53002
Turkey,TUR,1995,60154
Turkey,TUR,2000,57373
Turkey,TUR,2005,54017
Turkey,TUR,2006,53013
Turkey,TUR,2010,54312
Turkey,TUR,2016,58631
Turkmenistan,TKM,1990,1867
Turkmenistan,TKM,1995,2162
Turkmenistan,TKM,2000,2191
Turkmenistan,TKM,2005,2106
Turkmenistan,TKM,2006,2082
Turkmenistan,TKM,2010,2014
Turkmenistan,TKM,2016,2039
Uganda,UGA,1990,4670
Uganda,UGA,1995,5538
Uganda,UGA,2000,6279
Uganda,UGA,2005,7338
Uganda,UGA,2006,7599
Uganda,UGA,2010,7953
Uganda,UGA,2016,9132
Ukraine,UKR,1990,112808
Ukraine,UKR,1995,144317
Ukraine,UKR,2000,122777
Ukraine,UKR,2005,123642
Ukraine,UKR,2006,117087
Ukraine,UKR,2010,96165
Ukraine,UKR,2016,84875
United Arab Emirates,ARE,1990,394
United Arab Emirates,ARE,1995,514
United Arab Emirates,ARE,2000,605
United Arab Emirates,ARE,2005,792
United Arab Emirates,ARE,2006,890
United Arab Emirates,ARE,2010,1641
United Arab Emirates,ARE,2016,2600
United Kingdom,GBR,1990,146733
United Kingdom,GBR,1995,134117
United Kingdom,GBR,2000,121348
United Kingdom,GBR,2005,113506
United Kingdom,GBR,2006,111051
United Kingdom,GBR,2010,106172
United Kingdom,GBR,2016,111254
United States,USA,1990,426674
United States,USA,1995,442370
United States,USA,2000,456516
United States,USA,2005,459228
United States,USA,2006,453193
United States,USA,2010,440941
United States,USA,2016,479696
United States Virgin Islands,VIR,1990,51
United States Virgin Islands,VIR,1995,62
United States Virgin Islands,VIR,2000,73
United States Virgin Islands,VIR,2005,81
United States Virgin Islands,VIR,2006,83
United States Virgin Islands,VIR,2010,89
United States Virgin Islands,VIR,2016,94
Uruguay,URY,1990,5265
Uruguay,URY,1995,5429
Uruguay,URY,2000,5211
Uruguay,URY,2005,5050
Uruguay,URY,2006,4994
Uruguay,URY,2010,4949
Uruguay,URY,2016,4815
Uzbekistan,UZB,1990,9862
Uzbekistan,UZB,1995,12847
Uzbekistan,UZB,2000,14313
Uzbekistan,UZB,2005,15708
Uzbekistan,UZB,2006,15414
Uzbekistan,UZB,2010,14329
Uzbekistan,UZB,2016,14432
Vanuatu,VUT,1990,172
Vanuatu,VUT,1995,195
Vanuatu,VUT,2000,206
Vanuatu,VUT,2005,216
Vanuatu,VUT,2006,215
Vanuatu,VUT,2010,220
Vanuatu,VUT,2016,258
Venezuela,VEN,1990,8886
Venezuela,VEN,1995,9713
Venezuela,VEN,2000,10569
Venezuela,VEN,2005,11709
Venezuela,VEN,2006,12416
Venezuela,VEN,2010,13646
Venezuela,VEN,2016,15270
Vietnam,VNM,1990,79416
Vietnam,VNM,1995,94701
Vietnam,VNM,2000,104565
Vietnam,VNM,2005,110885
Vietnam,VNM,2006,112223
Vietnam,VNM,2010,114001
Vietnam,VNM,2016,124044
Wales,,1990,8254
Wales,,1995,7528
Wales,,2000,6640
Wales,,2005,6065
Wales,,2006,5927
Wales,,2010,5731
Wales,,2016,6059
Western Europe,,1990,652218
Western Europe,,1995,631559
Western Europe,,2000,605125
Western Europe,,2005,586476
Western Europe,,2006,583634
Western Europe,,2010,584172
Western Europe,,2016,588971
Western Sub-Saharan Africa,,1990,43296
Western Sub-Saharan Africa,,1995,47964
Western Sub-Saharan Africa,,2000,52406
Western Sub-Saharan Africa,,2005,50055
Western Sub-Saharan Africa,,2006,50058
Western Sub-Saharan Africa,,2010,51514
Western Sub-Saharan Africa,,2016,56539
World,OWID_WRL,1990,5069964
World,OWID_WRL,1995,5638456
World,OWID_WRL,2000,5944432
World,OWID_WRL,2005,6162624
World,OWID_WRL,2006,6081954
World,OWID_WRL,2010,6171668
World,OWID_WRL,2016,6321098
Yemen,YEM,1990,6238
Yemen,YEM,1995,9212
Yemen,YEM,2000,9952
Yemen,YEM,2005,10334
Yemen,YEM,2006,10312
Yemen,YEM,2010,10045
Yemen,YEM,2016,12267
Zambia,ZMB,1990,1808
Zambia,ZMB,1995,2973
Zambia,ZMB,2000,4425
Zambia,ZMB,2005,5849
Zambia,ZMB,2006,6068
Zambia,ZMB,2010,6916
Zambia,ZMB,2016,7087
Zimbabwe,ZWE,1990,4271
Zimbabwe,ZWE,1995,4022
Zimbabwe,ZWE,2000,6528
Zimbabwe,ZWE,2005,8358
Zimbabwe,ZWE,2006,8393
Zimbabwe,ZWE,2010,8369
Zimbabwe,ZWE,2016,7360