Entity,Code,Year,Secondhand smoke
Afghanistan,AFG,1990,2431
Afghanistan,AFG,1995,3890
Afghanistan,AFG,2000,4748
Afghanistan,AFG,2005,5695
Afghanistan,AFG,2006,5660
Afghanistan,AFG,2010,5543
Afghanistan,AFG,2016,6645
Albania,ALB,1990,703
Albania,ALB,1995,635
Albania,ALB,2000,517
Albania,ALB,2005,541
Albania,ALB,2006,535
Albania,ALB,2010,515
Albania,ALB,2016,540
Algeria,DZA,1990,3575
Algeria,DZA,1995,3307
Algeria,DZA,2000,3382
Algeria,DZA,2005,3451
Algeria,DZA,2006,3572
Algeria,DZA,2010,4194
Algeria,DZA,2016,5253
American Samoa,ASM,1990,4
American Samoa,ASM,1995,4
American Samoa,ASM,2000,5
American Samoa,ASM,2005,5
American Samoa,ASM,2006,5
American Samoa,ASM,2010,6
American Samoa,ASM,2016,7
Andorra,AND,1990,5
Andorra,AND,1995,5
Andorra,AND,2000,4
Andorra,AND,2005,4
Andorra,AND,2006,4
Andorra,AND,2010,5
Andorra,AND,2016,5
Angola,AGO,1990,1578
Angola,AGO,1995,1638
Angola,AGO,2000,1635
Angola,AGO,2005,1700
Angola,AGO,2006,1686
Angola,AGO,2010,1668
Angola,AGO,2016,1302
Antigua and Barbuda,ATG,1990,7
Antigua and Barbuda,ATG,1995,8
Antigua and Barbuda,ATG,2000,7
Antigua and Barbuda,ATG,2005,7
Antigua and Barbuda,ATG,2006,8
Antigua and Barbuda,ATG,2010,7
Antigua and Barbuda,ATG,2016,7
Argentina,ARG,1990,4532
Argentina,ARG,1995,4545
Argentina,ARG,2000,4943
Argentina,ARG,2005,4898
Argentina,ARG,2006,4892
Argentina,ARG,2010,5014
Argentina,ARG,2016,4972
Armenia,ARM,1990,969
Armenia,ARM,1995,984
Armenia,ARM,2000,986
Armenia,ARM,2005,941
Armenia,ARM,2006,954
Armenia,ARM,2010,915
Armenia,ARM,2016,878
Australia,AUS,1990,1260
Australia,AUS,1995,1215
Australia,AUS,2000,1185
Australia,AUS,2005,1111
Australia,AUS,2006,1102
Australia,AUS,2010,1046
Australia,AUS,2016,1166
Austria,AUT,1990,683
Austria,AUT,1995,640
Austria,AUT,2000,690
Austria,AUT,2005,669
Austria,AUT,2006,647
Austria,AUT,2010,576
Austria,AUT,2016,571
Azerbaijan,AZE,1990,2713
Azerbaijan,AZE,1995,2773
Azerbaijan,AZE,2000,2455
Azerbaijan,AZE,2005,2545
Azerbaijan,AZE,2006,2598
Azerbaijan,AZE,2010,3009
Azerbaijan,AZE,2016,2820
Bahamas,BHS,1990,13
Bahamas,BHS,1995,16
Bahamas,BHS,2000,17
Bahamas,BHS,2005,19
Bahamas,BHS,2006,19
Bahamas,BHS,2010,23
Bahamas,BHS,2016,30
Bahrain,BHR,1990,38
Bahrain,BHR,1995,46
Bahrain,BHR,2000,51
Bahrain,BHR,2005,59
Bahrain,BHR,2006,61
Bahrain,BHR,2010,70
Bahrain,BHR,2016,81
Bangladesh,BGD,1990,17331
Bangladesh,BGD,1995,13456
Bangladesh,BGD,2000,12880
Bangladesh,BGD,2005,14669
Bangladesh,BGD,2006,14460
Bangladesh,BGD,2010,13983
Bangladesh,BGD,2016,14412
Barbados,BRB,1990,18
Barbados,BRB,1995,21
Barbados,BRB,2000,20
Barbados,BRB,2005,20
Barbados,BRB,2006,20
Barbados,BRB,2010,18
Barbados,BRB,2016,22
Belarus,BLR,1990,2850
Belarus,BLR,1995,2887
Belarus,BLR,2000,2718
Belarus,BLR,2005,2739
Belarus,BLR,2006,2634
Belarus,BLR,2010,2431
Belarus,BLR,2016,2102
Belgium,BEL,1990,1195
Belgium,BEL,1995,1103
Belgium,BEL,2000,1003
Belgium,BEL,2005,840
Belgium,BEL,2006,813
Belgium,BEL,2010,774
Belgium,BEL,2016,785
Belize,BLZ,1990,16
Belize,BLZ,1995,16
Belize,BLZ,2000,16
Belize,BLZ,2005,14
Belize,BLZ,2006,14
Belize,BLZ,2010,15
Belize,BLZ,2016,16
Benin,BEN,1990,634
Benin,BEN,1995,698
Benin,BEN,2000,614
Benin,BEN,2005,515
Benin,BEN,2006,499
Benin,BEN,2010,482
Benin,BEN,2016,452
Bermuda,BMU,1990,7
Bermuda,BMU,1995,8
Bermuda,BMU,2000,7
Bermuda,BMU,2005,5
Bermuda,BMU,2006,5
Bermuda,BMU,2010,5
Bermuda,BMU,2016,4
Bhutan,BTN,1990,110
Bhutan,BTN,1995,87
Bhutan,BTN,2000,84
Bhutan,BTN,2005,75
Bhutan,BTN,2006,72
Bhutan,BTN,2010,66
Bhutan,BTN,2016,73
Bolivia,BOL,1990,1009
Bolivia,BOL,1995,858
Bolivia,BOL,2000,722
Bolivia,BOL,2005,647
Bolivia,BOL,2006,622
Bolivia,BOL,2010,569
Bolivia,BOL,2016,564
Bosnia and Herzegovina,BIH,1990,591
Bosnia and Herzegovina,BIH,1995,610
Bosnia and Herzegovina,BIH,2000,610
Bosnia and Herzegovina,BIH,2005,709
Bosnia and Herzegovina,BIH,2006,721
Bosnia and Herzegovina,BIH,2010,834
Bosnia and Herzegovina,BIH,2016,887
Botswana,BWA,1990,153
Botswana,BWA,1995,183
Botswana,BWA,2000,269
Botswana,BWA,2005,282
Botswana,BWA,2006,272
Botswana,BWA,2010,247
Botswana,BWA,2016,262
Brazil,BRA,1990,19904
Brazil,BRA,1995,19395
Brazil,BRA,2000,17605
Brazil,BRA,2005,16502
Brazil,BRA,2006,16296
Brazil,BRA,2010,16189
Brazil,BRA,2016,22164
Brunei,BRN,1990,14
Brunei,BRN,1995,15
Brunei,BRN,2000,14
Brunei,BRN,2005,16
Brunei,BRN,2006,17
Brunei,BRN,2010,19
Brunei,BRN,2016,24
Bulgaria,BGR,1990,2842
Bulgaria,BGR,1995,3004
Bulgaria,BGR,2000,3044
Bulgaria,BGR,2005,2844
Bulgaria,BGR,2006,2851
Bulgaria,BGR,2010,2636
Bulgaria,BGR,2016,2446
Burkina Faso,BFA,1990,1690
Burkina Faso,BFA,1995,1513
Burkina Faso,BFA,2000,1354
Burkina Faso,BFA,2005,1320
Burkina Faso,BFA,2006,1286
Burkina Faso,BFA,2010,1182
Burkina Faso,BFA,2016,1294
Burundi,BDI,1990,730
Burundi,BDI,1995,633
Burundi,BDI,2000,642
Burundi,BDI,2005,644
Burundi,BDI,2006,612
Burundi,BDI,2010,527
Burundi,BDI,2016,543
Cambodia,KHM,1990,2930
Cambodia,KHM,1995,3029
Cambodia,KHM,2000,3171
Cambodia,KHM,2005,2842
Cambodia,KHM,2006,2715
Cambodia,KHM,2010,2354
Cambodia,KHM,2016,2099
Cameroon,CMR,1990,1024
Cameroon,CMR,1995,1158
Cameroon,CMR,2000,1389
Cameroon,CMR,2005,1316
Cameroon,CMR,2006,1263
Cameroon,CMR,2010,1340
Cameroon,CMR,2016,1350
Canada,CAN,1990,2298
Canada,CAN,1995,2351
Canada,CAN,2000,2200
Canada,CAN,2005,2014
Canada,CAN,2006,2001
Canada,CAN,2010,2005
Canada,CAN,2016,2217
Cape Verde,CPV,1990,24
Cape Verde,CPV,1995,24
Cape Verde,CPV,2000,23
Cape Verde,CPV,2005,22
Cape Verde,CPV,2006,22
Cape Verde,CPV,2010,21
Cape Verde,CPV,2016,20
Caribbean,,1990,4094
Caribbean,,1995,4187
Caribbean,,2000,4039
Caribbean,,2005,3889
Caribbean,,2006,3878
Caribbean,,2010,3835
Caribbean,,2016,4019
Central African Republic,CAF,1990,422
Central African Republic,CAF,1995,471
Central African Republic,CAF,2000,507
Central African Republic,CAF,2005,425
Central African Republic,CAF,2006,437
Central African Republic,CAF,2010,455
Central African Republic,CAF,2016,450
Central Asia,,1990,18602
Central Asia,,1995,19633
Central Asia,,2000,17963
Central Asia,,2005,17971
Central Asia,,2006,17854
Central Asia,,2010,16695
Central Asia,,2016,15572
Central Europe,,1990,29339
Central Europe,,1995,28625
Central Europe,,2000,26349
Central Europe,,2005,25469
Central Europe,,2006,25212
Central Europe,,2010,24652
Central Europe,,2016,23714
Central Sub-Saharan Africa,,1990,6126
Central Sub-Saharan Africa,,1995,6752
Central Sub-Saharan Africa,,2000,7234
Central Sub-Saharan Africa,,2005,7135
Central Sub-Saharan Africa,,2006,7092
Central Sub-Saharan Africa,,2010,6998
Central Sub-Saharan Africa,,2016,6116
Chad,TCD,1990,265
Chad,TCD,1995,313
Chad,TCD,2000,398
Chad,TCD,2005,423
Chad,TCD,2006,438
Chad,TCD,2010,472
Chad,TCD,2016,493
Chile,CHL,1990,1602
Chile,CHL,1995,1605
Chile,CHL,2000,1353
Chile,CHL,2005,1320
Chile,CHL,2006,1282
Chile,CHL,2010,1332
Chile,CHL,2016,1472
China,CHN,1990,285317
China,CHN,1995,278789
China,CHN,2000,257344
China,CHN,2005,243382
China,CHN,2006,236338
China,CHN,2010,231493
China,CHN,2016,231456
Colombia,COL,1990,2897
Colombia,COL,1995,3073
Colombia,COL,2000,3105
Colombia,COL,2005,2932
Colombia,COL,2006,2942
Colombia,COL,2010,2833
Colombia,COL,2016,2857
Comoros,COM,1990,63
Comoros,COM,1995,63
Comoros,COM,2000,58
Comoros,COM,2005,50
Comoros,COM,2006,49
Comoros,COM,2010,45
Comoros,COM,2016,40
Congo,COG,1990,258
Congo,COG,1995,298
Congo,COG,2000,306
Congo,COG,2005,296
Congo,COG,2006,293
Congo,COG,2010,262
Congo,COG,2016,242
Costa Rica,CRI,1990,179
Costa Rica,CRI,1995,188
Costa Rica,CRI,2000,189
Costa Rica,CRI,2005,164
Costa Rica,CRI,2006,160
Costa Rica,CRI,2010,156
Costa Rica,CRI,2016,196
Cote d'Ivoire,CIV,1990,1916
Cote d'Ivoire,CIV,1995,2299
Cote d'Ivoire,CIV,2000,2480
Cote d'Ivoire,CIV,2005,2723
Cote d'Ivoire,CIV,2006,2767
Cote d'Ivoire,CIV,2010,2370
Cote d'Ivoire,CIV,2016,2631
Croatia,HRV,1990,1370
Croatia,HRV,1995,1404
Croatia,HRV,2000,1318
Croatia,HRV,2005,1361
Croatia,HRV,2006,1350
Croatia,HRV,2010,1300
Croatia,HRV,2016,1281
Cuba,CUB,1990,1757
Cuba,CUB,1995,1947
Cuba,CUB,2000,1888
Cuba,CUB,2005,1794
Cuba,CUB,2006,1773
Cuba,CUB,2010,1692
Cuba,CUB,2016,1757
Cyprus,CYP,1990,108
Cyprus,CYP,1995,117
Cyprus,CYP,2000,113
Cyprus,CYP,2005,106
Cyprus,CYP,2006,104
Cyprus,CYP,2010,102
Cyprus,CYP,2016,108
Czech Republic,CZE,1990,2688
Czech Republic,CZE,1995,2270
Czech Republic,CZE,2000,1987
Czech Republic,CZE,2005,1968
Czech Republic,CZE,2006,1954
Czech Republic,CZE,2010,2011
Czech Republic,CZE,2016,2008
Democratic Republic of Congo,COD,1990,3666
Democratic Republic of Congo,COD,1995,4144
Democratic Republic of Congo,COD,2000,4588
Democratic Republic of Congo,COD,2005,4534
Democratic Republic of Congo,COD,2006,4500
Democratic Republic of Congo,COD,2010,4465
Democratic Republic of Congo,COD,2016,3985
Denmark,DNK,1990,534
Denmark,DNK,1995,508
Denmark,DNK,2000,396
Denmark,DNK,2005,318
Denmark,DNK,2006,306
Denmark,DNK,2010,275
Denmark,DNK,2016,276
Djibouti,DJI,1990,147
Djibouti,DJI,1995,163
Djibouti,DJI,2000,161
Djibouti,DJI,2005,142
Djibouti,DJI,2006,139
Djibouti,DJI,2010,131
Djibouti,DJI,2016,105
Dominica,DMA,1990,6
Dominica,DMA,1995,7
Dominica,DMA,2000,6
Dominica,DMA,2005,6
Dominica,DMA,2006,6
Dominica,DMA,2010,6
Dominica,DMA,2016,6
Dominican Republic,DOM,1990,421
Dominican Republic,DOM,1995,447
Dominican Republic,DOM,2000,423
Dominican Republic,DOM,2005,458
Dominican Republic,DOM,2006,462
Dominican Republic,DOM,2010,469
Dominican Republic,DOM,2016,499
East Asia,,1990,290445
East Asia,,1995,284845
East Asia,,2000,264555
East Asia,,2005,251104
East Asia,,2006,244117
East Asia,,2010,239817
East Asia,,2016,240364
Eastern Europe,,1990,55642
Eastern Europe,,1995,67929
Eastern Europe,,2000,64477
Eastern Europe,,2005,63587
Eastern Europe,,2006,59738
Eastern Europe,,2010,52633
Eastern Europe,,2016,47903
Eastern Sub-Saharan Africa,,1990,21834
Eastern Sub-Saharan Africa,,1995,21831
Eastern Sub-Saharan Africa,,2000,21045
Eastern Sub-Saharan Africa,,2005,19157
Eastern Sub-Saharan Africa,,2006,18937
Eastern Sub-Saharan Africa,,2010,18154
Eastern Sub-Saharan Africa,,2016,16629
Ecuador,ECU,1990,663
Ecuador,ECU,1995,681
Ecuador,ECU,2000,667
Ecuador,ECU,2005,645
Ecuador,ECU,2006,621
Ecuador,ECU,2010,545
Ecuador,ECU,2016,589
Egypt,EGY,1990,17575
Egypt,EGY,1995,14462
Egypt,EGY,2000,12865
Egypt,EGY,2005,12568
Egypt,EGY,2006,12365
Egypt,EGY,2010,13350
Egypt,EGY,2016,11767
El Salvador,SLV,1990,351
El Salvador,SLV,1995,352
El Salvador,SLV,2000,353
El Salvador,SLV,2005,358
El Salvador,SLV,2006,361
El Salvador,SLV,2010,382
El Salvador,SLV,2016,413
England,,1990,6881
England,,1995,6282
England,,2000,4753
England,,2005,3709
England,,2006,3569
England,,2010,3152
England,,2016,3270
Equatorial Guinea,GNQ,1990,69
Equatorial Guinea,GNQ,1995,64
Equatorial Guinea,GNQ,2000,44
Equatorial Guinea,GNQ,2005,30
Equatorial Guinea,GNQ,2006,31
Equatorial Guinea,GNQ,2010,30
Equatorial Guinea,GNQ,2016,29
Eritrea,ERI,1990,362
Eritrea,ERI,1995,290
Eritrea,ERI,2000,307
Eritrea,ERI,2005,322
Eritrea,ERI,2006,326
Eritrea,ERI,2010,344
Eritrea,ERI,2016,299
Estonia,EST,1990,376
Estonia,EST,1995,387
Estonia,EST,2000,325
Estonia,EST,2005,278
Estonia,EST,2006,270
Estonia,EST,2010,212
Estonia,EST,2016,214
Ethiopia,ETH,1990,2666
Ethiopia,ETH,1995,2548
Ethiopia,ETH,2000,2628
Ethiopia,ETH,2005,2340
Ethiopia,ETH,2006,2250
Ethiopia,ETH,2010,2036
Ethiopia,ETH,2016,1903
Fiji,FJI,1990,125
Fiji,FJI,1995,153
Fiji,FJI,2000,186
Fiji,FJI,2005,213
Fiji,FJI,2006,218
Fiji,FJI,2010,243
Fiji,FJI,2016,274
Finland,FIN,1990,397
Finland,FIN,1995,323
Finland,FIN,2000,267
Finland,FIN,2005,223
Finland,FIN,2006,220
Finland,FIN,2010,215
Finland,FIN,2016,206
France,FRA,1990,3464
France,FRA,1995,3287
France,FRA,2000,3207
France,FRA,2005,2788
France,FRA,2006,2717
France,FRA,2010,2326
France,FRA,2016,2282
Gabon,GAB,1990,133
Gabon,GAB,1995,137
Gabon,GAB,2000,154
Gabon,GAB,2005,150
Gabon,GAB,2006,145
Gabon,GAB,2010,118
Gabon,GAB,2016,109
Gambia,GMB,1990,181
Gambia,GMB,1995,173
Gambia,GMB,2000,179
Gambia,GMB,2005,199
Gambia,GMB,2006,198
Gambia,GMB,2010,183
Gambia,GMB,2016,177
Georgia,GEO,1990,1780
Georgia,GEO,1995,1636
Georgia,GEO,2000,1589
Georgia,GEO,2005,1609
Georgia,GEO,2006,1542
Georgia,GEO,2010,1463
Georgia,GEO,2016,1216
Germany,DEU,1990,8726
Germany,DEU,1995,7362
Germany,DEU,2000,6225
Germany,DEU,2005,5308
Germany,DEU,2006,5168
Germany,DEU,2010,4975
Germany,DEU,2016,5038
Ghana,GHA,1990,616
Ghana,GHA,1995,612
Ghana,GHA,2000,825
Ghana,GHA,2005,863
Ghana,GHA,2006,835
Ghana,GHA,2010,806
Ghana,GHA,2016,722
Greece,GRC,1990,2378
Greece,GRC,1995,2191
Greece,GRC,2000,2068
Greece,GRC,2005,1892
Greece,GRC,2006,1863
Greece,GRC,2010,1856
Greece,GRC,2016,1937
Greenland,GRL,1990,4
Greenland,GRL,1995,3
Greenland,GRL,2000,3
Greenland,GRL,2005,3
Greenland,GRL,2006,3
Greenland,GRL,2010,3
Greenland,GRL,2016,3
Grenada,GRD,1990,11
Grenada,GRD,1995,12
Grenada,GRD,2000,12
Grenada,GRD,2005,12
Grenada,GRD,2006,12
Grenada,GRD,2010,12
Grenada,GRD,2016,11
Guam,GUM,1990,8
Guam,GUM,1995,9
Guam,GUM,2000,11
Guam,GUM,2005,14
Guam,GUM,2006,15
Guam,GUM,2010,19
Guam,GUM,2016,23
Guatemala,GTM,1990,991
Guatemala,GTM,1995,1000
Guatemala,GTM,2000,1032
Guatemala,GTM,2005,958
Guatemala,GTM,2006,927
Guatemala,GTM,2010,894
Guatemala,GTM,2016,904
Guinea,GIN,1990,743
Guinea,GIN,1995,865
Guinea,GIN,2000,807
Guinea,GIN,2005,690
Guinea,GIN,2006,697
Guinea,GIN,2010,686
Guinea,GIN,2016,675
Guinea-Bissau,GNB,1990,95
Guinea-Bissau,GNB,1995,92
Guinea-Bissau,GNB,2000,97
Guinea-Bissau,GNB,2005,107
Guinea-Bissau,GNB,2006,109
Guinea-Bissau,GNB,2010,120
Guinea-Bissau,GNB,2016,122
Guyana,GUY,1990,100
Guyana,GUY,1995,109
Guyana,GUY,2000,90
Guyana,GUY,2005,88
Guyana,GUY,2006,87
Guyana,GUY,2010,88
Guyana,GUY,2016,84
Haiti,HTI,1990,1017
Haiti,HTI,1995,816
Haiti,HTI,2000,739
Haiti,HTI,2005,702
Haiti,HTI,2006,710
Haiti,HTI,2010,737
Haiti,HTI,2016,749
High SDI,,1990,99040
High SDI,,1995,92156
High SDI,,2000,82039
High SDI,,2005,74032
High SDI,,2006,73004
High SDI,,2010,70087
High SDI,,2016,72830
High-income,,1990,95370
High-income,,1995,89005
High-income,,2000,80449
High-income,,2005,72157
High-income,,2006,70867
High-income,,2010,67628
High-income,,2016,70097
High-middle SDI,,1990,171009
High-middle SDI,,1995,185319
High-middle SDI,,2000,175592
High-middle SDI,,2005,171604
High-middle SDI,,2006,166222
High-middle SDI,,2010,158125
High-middle SDI,,2016,156577
Honduras,HND,1990,528
Honduras,HND,1995,529
Honduras,HND,2000,554
Honduras,HND,2005,603
Honduras,HND,2006,611
Honduras,HND,2010,653
Honduras,HND,2016,708
Hungary,HUN,1990,2329
Hungary,HUN,1995,2190
Hungary,HUN,2000,1941
Hungary,HUN,2005,1824
Hungary,HUN,2006,1794
Hungary,HUN,2010,1704
Hungary,HUN,2016,1650
Iceland,ISL,1990,24
Iceland,ISL,1995,21
Iceland,ISL,2000,16
Iceland,ISL,2005,12
Iceland,ISL,2006,12
Iceland,ISL,2010,11
Iceland,ISL,2016,12
India,IND,1990,185530
India,IND,1995,183541
India,IND,2000,176030
India,IND,2005,156910
India,IND,2006,161471
India,IND,2010,188141
India,IND,2016,206353
Indonesia,IDN,1990,30861
Indonesia,IDN,1995,31088
Indonesia,IDN,2000,32468
Indonesia,IDN,2005,33212
Indonesia,IDN,2006,33375
Indonesia,IDN,2010,33475
Indonesia,IDN,2016,33970
Iran,IRN,1990,5450
Iran,IRN,1995,4651
Iran,IRN,2000,4967
Iran,IRN,2005,6502
Iran,IRN,2006,6700
Iran,IRN,2010,6971
Iran,IRN,2016,6943
Iraq,IRQ,1990,3629
Iraq,IRQ,1995,3952
Iraq,IRQ,2000,4048
Iraq,IRQ,2005,4319
Iraq,IRQ,2006,4405
Iraq,IRQ,2010,4769
Iraq,IRQ,2016,4834
Ireland,IRL,1990,496
Ireland,IRL,1995,450
Ireland,IRL,2000,409
Ireland,IRL,2005,298
Ireland,IRL,2006,282
Ireland,IRL,2010,243
Ireland,IRL,2016,255
Israel,ISR,1990,388
Israel,ISR,1995,393
Israel,ISR,2000,357
Israel,ISR,2005,342
Israel,ISR,2006,342
Israel,ISR,2010,335
Israel,ISR,2016,361
Italy,ITA,1990,6170
Italy,ITA,1995,5496
Italy,ITA,2000,4939
Italy,ITA,2005,4699
Italy,ITA,2006,4636
Italy,ITA,2010,4474
Italy,ITA,2016,4588
Jamaica,JAM,1990,219
Jamaica,JAM,1995,257
Jamaica,JAM,2000,297
Jamaica,JAM,2005,268
Jamaica,JAM,2006,271
Jamaica,JAM,2010,289
Jamaica,JAM,2016,316
Japan,JPN,1990,14336
Japan,JPN,1995,13525
Japan,JPN,2000,12112
Japan,JPN,2005,12095
Japan,JPN,2006,12166
Japan,JPN,2010,12021
Japan,JPN,2016,11864
Jordan,JOR,1990,430
Jordan,JOR,1995,462
Jordan,JOR,2000,495
Jordan,JOR,2005,561
Jordan,JOR,2006,546
Jordan,JOR,2010,481
Jordan,JOR,2016,475
Kazakhstan,KAZ,1990,4424
Kazakhstan,KAZ,1995,5131
Kazakhstan,KAZ,2000,4460
Kazakhstan,KAZ,2005,4286
Kazakhstan,KAZ,2006,4334
Kazakhstan,KAZ,2010,3610
Kazakhstan,KAZ,2016,3441
Kenya,KEN,1990,2234
Kenya,KEN,1995,2284
Kenya,KEN,2000,2304
Kenya,KEN,2005,2263
Kenya,KEN,2006,2215
Kenya,KEN,2010,2102
Kenya,KEN,2016,1780
Kiribati,KIR,1990,18
Kiribati,KIR,1995,18
Kiribati,KIR,2000,19
Kiribati,KIR,2005,20
Kiribati,KIR,2006,20
Kiribati,KIR,2010,22
Kiribati,KIR,2016,26
Kuwait,KWT,1990,92
Kuwait,KWT,1995,87
Kuwait,KWT,2000,95
Kuwait,KWT,2005,108
Kuwait,KWT,2006,115
Kuwait,KWT,2010,135
Kuwait,KWT,2016,159
Kyrgyzstan,KGZ,1990,935
Kyrgyzstan,KGZ,1995,993
Kyrgyzstan,KGZ,2000,840
Kyrgyzstan,KGZ,2005,879
Kyrgyzstan,KGZ,2006,909
Kyrgyzstan,KGZ,2010,788
Kyrgyzstan,KGZ,2016,705
Laos,LAO,1990,1847
Laos,LAO,1995,1882
Laos,LAO,2000,1741
Laos,LAO,2005,1655
Laos,LAO,2006,1584
Laos,LAO,2010,1447
Laos,LAO,2016,1208
Latin America and Caribbean,,1990,43237
Latin America and Caribbean,,1995,42618
Latin America and Caribbean,,2000,39233
Latin America and Caribbean,,2005,37757
Latin America and Caribbean,,2006,37399
Latin America and Caribbean,,2010,37844
Latin America and Caribbean,,2016,46592
Latvia,LVA,1990,594
Latvia,LVA,1995,698
Latvia,LVA,2000,594
Latvia,LVA,2005,605
Latvia,LVA,2006,628
Latvia,LVA,2010,514
Latvia,LVA,2016,478
Lebanon,LBN,1990,518
Lebanon,LBN,1995,477
Lebanon,LBN,2000,372
Lebanon,LBN,2005,335
Lebanon,LBN,2006,334
Lebanon,LBN,2010,338
Lebanon,LBN,2016,449
Lesotho,LSO,1990,352
Lesotho,LSO,1995,370
Lesotho,LSO,2000,470
Lesotho,LSO,2005,539
Lesotho,LSO,2006,539
Lesotho,LSO,2010,540
Lesotho,LSO,2016,441
Liberia,LBR,1990,256
Liberia,LBR,1995,223
Liberia,LBR,2000,233
Liberia,LBR,2005,190
Liberia,LBR,2006,189
Liberia,LBR,2010,204
Liberia,LBR,2016,193
Libya,LBY,1990,314
Libya,LBY,1995,350
Libya,LBY,2000,400
Libya,LBY,2005,431
Libya,LBY,2006,438
Libya,LBY,2010,459
Libya,LBY,2016,534
Lithuania,LTU,1990,744
Lithuania,LTU,1995,809
Lithuania,LTU,2000,665
Lithuania,LTU,2005,677
Lithuania,LTU,2006,689
Lithuania,LTU,2010,623
Lithuania,LTU,2016,557
Low SDI,,1990,52793
Low SDI,,1995,54755
Low SDI,,2000,55061
Low SDI,,2005,52866
Low SDI,,2006,52855
Low SDI,,2010,52886
Low SDI,,2016,53565
Low-middle SDI,,1990,260615
Low-middle SDI,,1995,257391
Low-middle SDI,,2000,252990
Low-middle SDI,,2005,239966
Low-middle SDI,,2006,241685
Low-middle SDI,,2010,258516
Low-middle SDI,,2016,265392
Luxembourg,LUX,1990,57
Luxembourg,LUX,1995,52
Luxembourg,LUX,2000,45
Luxembourg,LUX,2005,40
Luxembourg,LUX,2006,39
Luxembourg,LUX,2010,38
Luxembourg,LUX,2016,42
Macedonia,MKD,1990,358
Macedonia,MKD,1995,359
Macedonia,MKD,2000,422
Macedonia,MKD,2005,489
Macedonia,MKD,2006,498
Macedonia,MKD,2010,529
Macedonia,MKD,2016,534
Madagascar,MDG,1990,2092
Madagascar,MDG,1995,1996
Madagascar,MDG,2000,1759
Madagascar,MDG,2005,1583
Madagascar,MDG,2006,1522
Madagascar,MDG,2010,1451
Madagascar,MDG,2016,1474
Malawi,MWI,1990,1190
Malawi,MWI,1995,947
Malawi,MWI,2000,804
Malawi,MWI,2005,544
Malawi,MWI,2006,516
Malawi,MWI,2010,516
Malawi,MWI,2016,427
Malaysia,MYS,1990,1930
Malaysia,MYS,1995,2132
Malaysia,MYS,2000,2396
Malaysia,MYS,2005,2871
Malaysia,MYS,2006,2937
Malaysia,MYS,2010,3195
Malaysia,MYS,2016,3482
Maldives,MDV,1990,36
Maldives,MDV,1995,32
Maldives,MDV,2000,30
Maldives,MDV,2005,28
Maldives,MDV,2006,27
Maldives,MDV,2010,28
Maldives,MDV,2016,30
Mali,MLI,1990,803
Mali,MLI,1995,848
Mali,MLI,2000,799
Mali,MLI,2005,692
Mali,MLI,2006,703
Mali,MLI,2010,772
Mali,MLI,2016,712
Malta,MLT,1990,64
Malta,MLT,1995,53
Malta,MLT,2000,47
Malta,MLT,2005,42
Malta,MLT,2006,42
Malta,MLT,2010,40
Malta,MLT,2016,40
Marshall Islands,MHL,1990,9
Marshall Islands,MHL,1995,11
Marshall Islands,MHL,2000,13
Marshall Islands,MHL,2005,16
Marshall Islands,MHL,2006,16
Marshall Islands,MHL,2010,17
Marshall Islands,MHL,2016,20
Mauritania,MRT,1990,210
Mauritania,MRT,1995,247
Mauritania,MRT,2000,302
Mauritania,MRT,2005,307
Mauritania,MRT,2006,297
Mauritania,MRT,2010,285
Mauritania,MRT,2016,282
Mauritius,MUS,1990,197
Mauritius,MUS,1995,215
Mauritius,MUS,2000,241
Mauritius,MUS,2005,261
Mauritius,MUS,2006,265
Mauritius,MUS,2010,278
Mauritius,MUS,2016,326
Mexico,MEX,1990,8248
Mexico,MEX,1995,8249
Mexico,MEX,2000,7154
Mexico,MEX,2005,7276
Mexico,MEX,2006,7164
Mexico,MEX,2010,7649
Mexico,MEX,2016,9460
Micronesia (country),FSM,1990,13
Micronesia (country),FSM,1995,13
Micronesia (country),FSM,2000,13
Micronesia (country),FSM,2005,13
Micronesia (country),FSM,2006,14
Micronesia (country),FSM,2010,14
Micronesia (country),FSM,2016,15
Middle SDI,,1990,362586
Middle SDI,,1995,350060
Middle SDI,,2000,331277
Middle SDI,,2005,318953
Middle SDI,,2006,314937
Middle SDI,,2010,319817
Middle SDI,,2016,335567
Moldova,MDA,1990,1133
Moldova,MDA,1995,1275
Moldova,MDA,2000,1053
Moldova,MDA,2005,944
Moldova,MDA,2006,908
Moldova,MDA,2010,770
Moldova,MDA,2016,642
Mongolia,MNG,1990,511
Mongolia,MNG,1995,419
Mongolia,MNG,2000,385
Mongolia,MNG,2005,347
Mongolia,MNG,2006,333
Mongolia,MNG,2010,308
Mongolia,MNG,2016,281
Montenegro,MNE,1990,85
Montenegro,MNE,1995,104
Montenegro,MNE,2000,129
Montenegro,MNE,2005,126
Montenegro,MNE,2006,124
Montenegro,MNE,2010,122
Montenegro,MNE,2016,134
Morocco,MAR,1990,4258
Morocco,MAR,1995,4045
Morocco,MAR,2000,3956
Morocco,MAR,2005,4021
Morocco,MAR,2006,4017
Morocco,MAR,2010,4011
Morocco,MAR,2016,4361
Mozambique,MOZ,1990,1674
Mozambique,MOZ,1995,1827
Mozambique,MOZ,2000,1889
Mozambique,MOZ,2005,1650
Mozambique,MOZ,2006,1648
Mozambique,MOZ,2010,1632
Mozambique,MOZ,2016,1531
Myanmar,MMR,1990,9871
Myanmar,MMR,1995,8692
Myanmar,MMR,2000,7684
Myanmar,MMR,2005,6491
Myanmar,MMR,2006,6175
Myanmar,MMR,2010,5209
Myanmar,MMR,2016,4104
Namibia,NAM,1990,155
Namibia,NAM,1995,163
Namibia,NAM,2000,185
Namibia,NAM,2005,164
Namibia,NAM,2006,159
Namibia,NAM,2010,136
Namibia,NAM,2016,128
Nepal,NPL,1990,2820
Nepal,NPL,1995,2414
Nepal,NPL,2000,2040
Nepal,NPL,2005,1843
Nepal,NPL,2006,1843
Nepal,NPL,2010,2037
Nepal,NPL,2016,2167
Netherlands,NLD,1990,1539
Netherlands,NLD,1995,1608
Netherlands,NLD,2000,1445
Netherlands,NLD,2005,1146
Netherlands,NLD,2006,1096
Netherlands,NLD,2010,979
Netherlands,NLD,2016,1025
New Zealand,NZL,1990,250
New Zealand,NZL,1995,233
New Zealand,NZL,2000,217
New Zealand,NZL,2005,210
New Zealand,NZL,2006,212
New Zealand,NZL,2010,200
New Zealand,NZL,2016,209
Nicaragua,NIC,1990,302
Nicaragua,NIC,1995,298
Nicaragua,NIC,2000,285
Nicaragua,NIC,2005,309
Nicaragua,NIC,2006,315
Nicaragua,NIC,2010,338
Nicaragua,NIC,2016,351
Niger,NER,1990,1049
Niger,NER,1995,1042
Niger,NER,2000,1026
Niger,NER,2005,1004
Niger,NER,2006,1009
Niger,NER,2010,846
Niger,NER,2016,911
Nigeria,NGA,1990,4767
Nigeria,NGA,1995,5179
Nigeria,NGA,2000,6359
Nigeria,NGA,2005,6311
Nigeria,NGA,2006,6190
Nigeria,NGA,2010,6015
Nigeria,NGA,2016,4964
North Africa and Middle East,,1990,59276
North Africa and Middle East,,1995,56235
North Africa and Middle East,,2000,53610
North Africa and Middle East,,2005,54051
North Africa and Middle East,,2006,53783
North Africa and Middle East,,2010,55590
North Africa and Middle East,,2016,57833
North America,,1990,21774
North America,,1995,21365
North America,,2000,20082
North America,,2005,17555
North America,,2006,17182
North America,,2010,16297
North America,,2016,17848
North Korea,PRK,1990,2878
North Korea,PRK,1995,3616
North Korea,PRK,2000,4643
North Korea,PRK,2005,5312
North Korea,PRK,2006,5424
North Korea,PRK,2010,5887
North Korea,PRK,2016,5940
Northern Ireland,,1990,222
Northern Ireland,,1995,196
Northern Ireland,,2000,152
Northern Ireland,,2005,111
Northern Ireland,,2006,109
Northern Ireland,,2010,101
Northern Ireland,,2016,116
Northern Mariana Islands,MNP,1990,3
Northern Mariana Islands,MNP,1995,3
Northern Mariana Islands,MNP,2000,4
Northern Mariana Islands,MNP,2005,4
Northern Mariana Islands,MNP,2006,4
Northern Mariana Islands,MNP,2010,5
Northern Mariana Islands,MNP,2016,7
Norway,NOR,1990,558
Norway,NOR,1995,501
Norway,NOR,2000,390
Norway,NOR,2005,310
Norway,NOR,2006,305
Norway,NOR,2010,282
Norway,NOR,2016,273
Oceania,,1990,1537
Oceania,,1995,1636
Oceania,,2000,1689
Oceania,,2005,1965
Oceania,,2006,2045
Oceania,,2010,2325
Oceania,,2016,2538
Oman,OMN,1990,193
Oman,OMN,1995,163
Oman,OMN,2000,169
Oman,OMN,2005,183
Oman,OMN,2006,187
Oman,OMN,2010,212
Oman,OMN,2016,256
Pakistan,PAK,1990,20947
Pakistan,PAK,1995,23580
Pakistan,PAK,2000,25726
Pakistan,PAK,2005,27070
Pakistan,PAK,2006,27457
Pakistan,PAK,2010,28515
Pakistan,PAK,2016,30085
Palestine,PSE,1990,202
Palestine,PSE,1995,229
Palestine,PSE,2000,273
Palestine,PSE,2005,268
Palestine,PSE,2006,271
Palestine,PSE,2010,308
Palestine,PSE,2016,412
Panama,PAN,1990,134
Panama,PAN,1995,144
Panama,PAN,2000,139
Panama,PAN,2005,130
Panama,PAN,2006,130
Panama,PAN,2010,140
Panama,PAN,2016,142
Papua New Guinea,PNG,1990,1248
Papua New Guinea,PNG,1995,1306
Papua New Guinea,PNG,2000,1301
Papua New Guinea,PNG,2005,1516
Papua New Guinea,PNG,2006,1582
Papua New Guinea,PNG,2010,1799
Papua New Guinea,PNG,2016,1945
Paraguay,PRY,1990,367
Paraguay,PRY,1995,382
Paraguay,PRY,2000,421
Paraguay,PRY,2005,476
Paraguay,PRY,2006,486
Paraguay,PRY,2010,551
Paraguay,PRY,2016,654
Peru,PER,1990,2049
Peru,PER,1995,1747
Peru,PER,2000,1414
Peru,PER,2005,1256
Peru,PER,2006,1213
Peru,PER,2010,1197
Peru,PER,2016,1228
Philippines,PHL,1990,10168
Philippines,PHL,1995,9418
Philippines,PHL,2000,9304
Philippines,PHL,2005,11050
Philippines,PHL,2006,11145
Philippines,PHL,2010,11937
Philippines,PHL,2016,13093
Poland,POL,1990,9182
Poland,POL,1995,7982
Poland,POL,2000,6442
Poland,POL,2005,6166
Poland,POL,2006,6223
Poland,POL,2010,6290
Poland,POL,2016,6187
Portugal,PRT,1990,1769
Portugal,PRT,1995,1642
Portugal,PRT,2000,1474
Portugal,PRT,2005,1303
Portugal,PRT,2006,1251
Portugal,PRT,2010,1116
Portugal,PRT,2016,1098
Puerto Rico,PRI,1990,221
Puerto Rico,PRI,1995,236
Puerto Rico,PRI,2000,222
Puerto Rico,PRI,2005,209
Puerto Rico,PRI,2006,205
Puerto Rico,PRI,2010,191
Puerto Rico,PRI,2016,205
Qatar,QAT,1990,17
Qatar,QAT,1995,20
Qatar,QAT,2000,26
Qatar,QAT,2005,31
Qatar,QAT,2006,31
Qatar,QAT,2010,35
Qatar,QAT,2016,47
Romania,ROU,1990,5636
Romania,ROU,1995,6219
Romania,ROU,2000,5805
Romania,ROU,2005,5269
Romania,ROU,2006,5027
Romania,ROU,2010,4713
Romania,ROU,2016,4330
Russia,RUS,1990,34097
Russia,RUS,1995,44637
Russia,RUS,2000,42566
Russia,RUS,2005,41120
Russia,RUS,2006,38378
Russia,RUS,2010,34120
Russia,RUS,2016,31142
Rwanda,RWA,1990,707
Rwanda,RWA,1995,694
Rwanda,RWA,2000,776
Rwanda,RWA,2005,683
Rwanda,RWA,2006,652
Rwanda,RWA,2010,530
Rwanda,RWA,2016,456
Saint Lucia,LCA,1990,12
Saint Lucia,LCA,1995,13
Saint Lucia,LCA,2000,13
Saint Lucia,LCA,2005,13
Saint Lucia,LCA,2006,13
Saint Lucia,LCA,2010,12
Saint Lucia,LCA,2016,12
Saint Vincent and the Grenadines,VCT,1990,11
Saint Vincent and the Grenadines,VCT,1995,12
Saint Vincent and the Grenadines,VCT,2000,11
Saint Vincent and the Grenadines,VCT,2005,11
Saint Vincent and the Grenadines,VCT,2006,10
Saint Vincent and the Grenadines,VCT,2010,10
Saint Vincent and the Grenadines,VCT,2016,11
Samoa,WSM,1990,26
Samoa,WSM,1995,27
Samoa,WSM,2000,29
Samoa,WSM,2005,32
Samoa,WSM,2006,32
Samoa,WSM,2010,34
Samoa,WSM,2016,37
Sao Tome and Principe,STP,1990,5
Sao Tome and Principe,STP,1995,4
Sao Tome and Principe,STP,2000,4
Sao Tome and Principe,STP,2005,4
Sao Tome and Principe,STP,2006,4
Sao Tome and Principe,STP,2010,3
Sao Tome and Principe,STP,2016,3
Saudi Arabia,SAU,1990,1192
Saudi Arabia,SAU,1995,1265
Saudi Arabia,SAU,2000,1511
Saudi Arabia,SAU,2005,1540
Saudi Arabia,SAU,2006,1531
Saudi Arabia,SAU,2010,1478
Saudi Arabia,SAU,2016,1391
Scotland,,1990,795
Scotland,,1995,670
Scotland,,2000,503
Scotland,,2005,384
Scotland,,2006,373
Scotland,,2010,352
Scotland,,2016,378
Senegal,SEN,1990,1283
Senegal,SEN,1995,1025
Senegal,SEN,2000,997
Senegal,SEN,2005,985
Senegal,SEN,2006,983
Senegal,SEN,2010,959
Senegal,SEN,2016,937
Serbia,SRB,1990,1573
Serbia,SRB,1995,2064
Serbia,SRB,2000,2454
Serbia,SRB,2005,2585
Serbia,SRB,2006,2569
Serbia,SRB,2010,2485
Serbia,SRB,2016,2223
Seychelles,SYC,1990,10
Seychelles,SYC,1995,10
Seychelles,SYC,2000,11
Seychelles,SYC,2005,11
Seychelles,SYC,2006,11
Seychelles,SYC,2010,11
Seychelles,SYC,2016,12
Sierra Leone,SLE,1990,952
Sierra Leone,SLE,1995,807
Sierra Leone,SLE,2000,672
Sierra Leone,SLE,2005,620
Sierra Leone,SLE,2006,617
Sierra Leone,SLE,2010,623
Sierra Leone,SLE,2016,616
Singapore,SGP,1990,376
Singapore,SGP,1995,374
Singapore,SGP,2000,336
Singapore,SGP,2005,343
Singapore,SGP,2006,355
Singapore,SGP,2010,355
Singapore,SGP,2016,383
Slovakia,SVK,1990,1585
Slovakia,SVK,1995,1403
Slovakia,SVK,2000,1341
Slovakia,SVK,2005,1297
Slovakia,SVK,2006,1286
Slovakia,SVK,2010,1246
Slovakia,SVK,2016,1212
Slovenia,SVN,1990,396
Slovenia,SVN,1995,381
Slovenia,SVN,2000,337
Slovenia,SVN,2005,290
Slovenia,SVN,2006,279
Slovenia,SVN,2010,267
Slovenia,SVN,2016,281
Solomon Islands,SLB,1990,52
Solomon Islands,SLB,1995,55
Solomon Islands,SLB,2000,66
Solomon Islands,SLB,2005,84
Solomon Islands,SLB,2006,90
Solomon Islands,SLB,2010,108
Solomon Islands,SLB,2016,119
Somalia,SOM,1990,1124
Somalia,SOM,1995,1135
Somalia,SOM,2000,1059
Somalia,SOM,2005,961
Somalia,SOM,2006,955
Somalia,SOM,2010,1043
Somalia,SOM,2016,1019
South Africa,ZAF,1990,5936
South Africa,ZAF,1995,5458
South Africa,ZAF,2000,7208
South Africa,ZAF,2005,7661
South Africa,ZAF,2006,7770
South Africa,ZAF,2010,7153
South Africa,ZAF,2016,6244
South Asia,,1990,226738
South Asia,,1995,223077
South Asia,,2000,216761
South Asia,,2005,200568
South Asia,,2006,205302
South Asia,,2010,232742
South Asia,,2016,253090
South Korea,KOR,1990,5385
South Korea,KOR,1995,4843
South Korea,KOR,2000,4229
South Korea,KOR,2005,3392
South Korea,KOR,2006,3308
South Korea,KOR,2010,3251
South Korea,KOR,2016,3693
South Sudan,SSD,1990,462
South Sudan,SSD,1995,514
South Sudan,SSD,2000,603
South Sudan,SSD,2005,673
South Sudan,SSD,2006,710
South Sudan,SSD,2010,725
South Sudan,SSD,2016,749
Southeast Asia,,1990,73483
Southeast Asia,,1995,72808
Southeast Asia,,2000,75252
Southeast Asia,,2005,77891
Southeast Asia,,2006,77865
Southeast Asia,,2010,77286
Southeast Asia,,2016,78443
Southern Sub-Saharan Africa,,1990,7522
Southern Sub-Saharan Africa,,1995,7149
Southern Sub-Saharan Africa,,2000,9353
Southern Sub-Saharan Africa,,2005,9919
Southern Sub-Saharan Africa,,2006,10008
Southern Sub-Saharan Africa,,2010,9369
Southern Sub-Saharan Africa,,2016,8200
Spain,ESP,1990,6860
Spain,ESP,1995,6105
Spain,ESP,2000,5602
Spain,ESP,2005,5104
Spain,ESP,2006,4926
Spain,ESP,2010,4454
Spain,ESP,2016,4403
Sri Lanka,LKA,1990,1894
Sri Lanka,LKA,1995,1928
Sri Lanka,LKA,2000,2113
Sri Lanka,LKA,2005,2277
Sri Lanka,LKA,2006,2360
Sri Lanka,LKA,2010,2515
Sri Lanka,LKA,2016,2474
Sub-Saharan Africa,,1990,52373
Sub-Saharan Africa,,1995,53269
Sub-Saharan Africa,,2000,56621
Sub-Saharan Africa,,2005,54902
Sub-Saharan Africa,,2006,54522
Sub-Saharan Africa,,2010,52221
Sub-Saharan Africa,,2016,47784
Sudan,SDN,1990,632
Sudan,SDN,1995,491
Sudan,SDN,2000,540
Sudan,SDN,2005,618
Sudan,SDN,2006,646
Sudan,SDN,2010,748
Sudan,SDN,2016,617
Suriname,SUR,1990,45
Suriname,SUR,1995,48
Suriname,SUR,2000,57
Suriname,SUR,2005,64
Suriname,SUR,2006,66
Suriname,SUR,2010,69
Suriname,SUR,2016,72
Swaziland,SWZ,1990,65
Swaziland,SWZ,1995,63
Swaziland,SWZ,2000,98
Swaziland,SWZ,2005,109
Swaziland,SWZ,2006,106
Swaziland,SWZ,2010,97
Swaziland,SWZ,2016,87
Sweden,SWE,1990,905
Sweden,SWE,1995,775
Sweden,SWE,2000,633
Sweden,SWE,2005,532
Sweden,SWE,2006,516
Sweden,SWE,2010,461
Sweden,SWE,2016,450
Switzerland,CHE,1990,568
Switzerland,CHE,1995,531
Switzerland,CHE,2000,442
Switzerland,CHE,2005,372
Switzerland,CHE,2006,363
Switzerland,CHE,2010,334
Switzerland,CHE,2016,334
Syria,SYR,1990,1200
Syria,SYR,1995,1265
Syria,SYR,2000,1329
Syria,SYR,2005,1313
Syria,SYR,2006,1327
Syria,SYR,2010,1316
Syria,SYR,2016,1240
Taiwan,TWN,1990,2250
Taiwan,TWN,1995,2440
Taiwan,TWN,2000,2568
Taiwan,TWN,2005,2411
Taiwan,TWN,2006,2355
Taiwan,TWN,2010,2437
Taiwan,TWN,2016,2969
Tajikistan,TJK,1990,2830
Tajikistan,TJK,1995,2067
Tajikistan,TJK,2000,1150
Tajikistan,TJK,2005,764
Tajikistan,TJK,2006,708
Tajikistan,TJK,2010,640
Tajikistan,TJK,2016,656
Tanzania,TZA,1990,5453
Tanzania,TZA,1995,5608
Tanzania,TZA,2000,4942
Tanzania,TZA,2005,4201
Tanzania,TZA,2006,4252
Tanzania,TZA,2010,4269
Tanzania,TZA,2016,4109
Thailand,THA,1990,5448
Thailand,THA,1995,5375
Thailand,THA,2000,5590
Thailand,THA,2005,6283
Thailand,THA,2006,6393
Thailand,THA,2010,5938
Thailand,THA,2016,6495
Timor,TLS,1990,177
Timor,TLS,1995,149
Timor,TLS,2000,106
Timor,TLS,2005,99
Timor,TLS,2006,101
Timor,TLS,2010,110
Timor,TLS,2016,101
Togo,TGO,1990,379
Togo,TGO,1995,415
Togo,TGO,2000,432
Togo,TGO,2005,398
Togo,TGO,2006,379
Togo,TGO,2010,332
Togo,TGO,2016,285
Tonga,TON,1990,14
Tonga,TON,1995,14
Tonga,TON,2000,15
Tonga,TON,2005,16
Tonga,TON,2006,16
Tonga,TON,2010,17
Tonga,TON,2016,18
Trinidad and Tobago,TTO,1990,203
Trinidad and Tobago,TTO,1995,205
Trinidad and Tobago,TTO,2000,204
Trinidad and Tobago,TTO,2005,190
Trinidad and Tobago,TTO,2006,187
Trinidad and Tobago,TTO,2010,181
Trinidad and Tobago,TTO,2016,203
Tunisia,TUN,1990,1357
Tunisia,TUN,1995,1384
Tunisia,TUN,2000,1337
Tunisia,TUN,2005,1280
Tunisia,TUN,2006,1255
Tunisia,TUN,2010,1227
Tunisia,TUN,2016,1387
Turkey,TUR,1990,13667
Turkey,TUR,1995,12900
Turkey,TUR,2000,10117
Turkey,TUR,2005,7778
Turkey,TUR,2006,7418
Turkey,TUR,2010,7148
Turkey,TUR,2016,7941
Turkmenistan,TKM,1990,1823
Turkmenistan,TKM,1995,1655
Turkmenistan,TKM,2000,1393
Turkmenistan,TKM,2005,1137
Turkmenistan,TKM,2006,1101
Turkmenistan,TKM,2010,999
Turkmenistan,TKM,2016,1009
Uganda,UGA,1990,1230
Uganda,UGA,1995,1476
Uganda,UGA,2000,1709
Uganda,UGA,2005,1923
Uganda,UGA,2006,1919
Uganda,UGA,2010,1657
Uganda,UGA,2016,1314
Ukraine,UKR,1990,15848
Ukraine,UKR,1995,17236
Ukraine,UKR,2000,16556
Ukraine,UKR,2005,17225
Ukraine,UKR,2006,16232
Ukraine,UKR,2010,13964
Ukraine,UKR,2016,12768
United Arab Emirates,ARE,1990,100
United Arab Emirates,ARE,1995,127
United Arab Emirates,ARE,2000,144
United Arab Emirates,ARE,2005,170
United Arab Emirates,ARE,2006,183
United Arab Emirates,ARE,2010,274
United Arab Emirates,ARE,2016,456
United Kingdom,GBR,1990,8366
United Kingdom,GBR,1995,7548
United Kingdom,GBR,2000,5719
United Kingdom,GBR,2005,4443
United Kingdom,GBR,2006,4284
United Kingdom,GBR,2010,3834
United Kingdom,GBR,2016,4013
United States,USA,1990,19472
United States,USA,1995,19011
United States,USA,2000,17878
United States,USA,2005,15537
United States,USA,2006,15179
United States,USA,2010,14290
United States,USA,2016,15628
United States Virgin Islands,VIR,1990,7
United States Virgin Islands,VIR,1995,8
United States Virgin Islands,VIR,2000,9
United States Virgin Islands,VIR,2005,10
United States Virgin Islands,VIR,2006,10
United States Virgin Islands,VIR,2010,12
United States Virgin Islands,VIR,2016,14
Uruguay,URY,1990,587
Uruguay,URY,1995,575
Uruguay,URY,2000,485
Uruguay,URY,2005,425
Uruguay,URY,2006,416
Uruguay,URY,2010,388
Uruguay,URY,2016,362
Uzbekistan,UZB,1990,2617
Uzbekistan,UZB,1995,3977
Uzbekistan,UZB,2000,4704
Uzbekistan,UZB,2005,5463
Uzbekistan,UZB,2006,5375
Uzbekistan,UZB,2010,4964
Uzbekistan,UZB,2016,4567
Vanuatu,VUT,1990,19
Vanuatu,VUT,1995,23
Vanuatu,VUT,2000,26
Vanuatu,VUT,2005,31
Vanuatu,VUT,2006,33
Vanuatu,VUT,2010,40
Vanuatu,VUT,2016,48
Venezuela,VEN,1990,1520
Venezuela,VEN,1995,1534
Venezuela,VEN,2000,1556
Venezuela,VEN,2005,1612
Venezuela,VEN,2006,1672
Venezuela,VEN,2010,1913
Venezuela,VEN,2016,2343
Vietnam,VNM,1990,8114
Vietnam,VNM,1995,8858
Vietnam,VNM,2000,10398
Vietnam,VNM,2005,10811
Vietnam,VNM,2006,10778
Vietnam,VNM,2010,10788
Vietnam,VNM,2016,11051
Wales,,1990,468
Wales,,1995,400
Wales,,2000,310
Wales,,2005,239
Wales,,2006,233
Wales,,2010,229
Wales,,2016,249
Western Europe,,1990,45253
Western Europe,,1995,40711
Western Europe,,2000,35492
Western Europe,,2005,30793
Western Europe,,2006,29935
Western Europe,,2010,27704
Western Europe,,2016,28102
Western Sub-Saharan Africa,,1990,16892
Western Sub-Saharan Africa,,1995,17538
Western Sub-Saharan Africa,,2000,18988
Western Sub-Saharan Africa,,2005,18690
Western Sub-Saharan Africa,,2006,18485
Western Sub-Saharan Africa,,2010,17701
Western Sub-Saharan Africa,,2016,16839
World,OWID_WRL,1990,946042
World,OWID_WRL,1995,939681
World,OWID_WRL,2000,896959
World,OWID_WRL,2005,857422
World,OWID_WRL,2006,848702
World,OWID_WRL,2010,859433
World,OWID_WRL,2016,883931
Yemen,YEM,1990,2406
Yemen,YEM,1995,2664
Yemen,YEM,2000,2785
Yemen,YEM,2005,2820
Yemen,YEM,2006,2721
Yemen,YEM,2010,2523
Yemen,YEM,2016,2586
Zambia,ZMB,1990,1699
Zambia,ZMB,1995,1655
Zambia,ZMB,2000,1403
Zambia,ZMB,2005,1178
Zambia,ZMB,2006,1173
Zambia,ZMB,2010,1147
Zambia,ZMB,2016,880
Zimbabwe,ZWE,1990,860
Zimbabwe,ZWE,1995,910
Zimbabwe,ZWE,2000,1124
Zimbabwe,ZWE,2005,1163
Zimbabwe,ZWE,2006,1161
Zimbabwe,ZWE,2010,1196
Zimbabwe,ZWE,2016,1037